-- --------------------------------------------------------
-- Host:                         localhost
-- Server version:               5.7.19 - MySQL Community Server (GPL)
-- Server OS:                    Win64
-- HeidiSQL Version:             9.4.0.5125
-- --------------------------------------------------------

/*!40101 SET @OLD_CHARACTER_SET_CLIENT=@@CHARACTER_SET_CLIENT */;
/*!40101 SET NAMES utf8 */;
/*!50503 SET NAMES utf8mb4 */;
/*!40014 SET @OLD_FOREIGN_KEY_CHECKS=@@FOREIGN_KEY_CHECKS, FOREIGN_KEY_CHECKS=0 */;
/*!40101 SET @OLD_SQL_MODE=@@SQL_MODE, SQL_MODE='NO_AUTO_VALUE_ON_ZERO' */;

-- Dumping data for table ads.migrations: ~14 rows (approximately)
/*!40000 ALTER TABLE `migrations` DISABLE KEYS */;
INSERT INTO `migrations` (`id`, `migration`, `batch`) VALUES
	(2, '2014_10_12_100000_create_password_resets_table', 1),
	(4, '2018_01_29_012815_create_pengguna_table', 1),
	(7, '2018_01_29_015041_create_m_pekerjaan_table', 1),
	(8, '2018_01_29_015223_create_m_suku_table', 1),
	(9, '2018_01_29_015323_create_m_tinggal_bersama_table', 1),
	(10, '2018_01_29_015428_create_m_kota_table', 1),
	(11, '2018_01_29_015523_create_m_provinsi_table', 1),
	(13, '2018_01_29_033255_create_roles_table', 2),
	(14, '2018_01_29_033408_create_user_roles_table', 2),
	(16, '2018_02_03_081745_create_m_soal_table', 4),
	(17, '2018_02_03_082838_create_ref_skor_jawaban_table', 5),
	(18, '2018_02_06_025559_create_responden_table', 6),
	(20, '2018_02_07_025055_create_ref_record_skor_jawaban_table', 7),
	(21, '2014_10_12_000000_create_users_table', 8);
/*!40000 ALTER TABLE `migrations` ENABLE KEYS */;

-- Dumping data for table ads.m_kota: ~513 rows (approximately)
/*!40000 ALTER TABLE `m_kota` DISABLE KEYS */;
INSERT INTO `m_kota` (`id`, `nama_kota`, `provinsi_id`, `created_at`, `updated_at`) VALUES
	(1, 'Aceh Selatan', 11, NULL, NULL),
	(2, 'Simeulue    ', 11, NULL, NULL),
	(3, 'Aceh Tenggara', 11, NULL, NULL),
	(4, 'Aceh Timur', 11, NULL, NULL),
	(5, 'Aceh Tengah', 11, NULL, NULL),
	(6, 'Aceh Barat', 11, NULL, NULL),
	(7, 'Aceh Besar', 11, NULL, NULL),
	(8, 'Pidie   ', 11, NULL, NULL),
	(9, 'Aceh Utara', 11, NULL, NULL),
	(10, 'Simeulue      ', 11, NULL, NULL),
	(11, 'Aceh Singkil', 11, NULL, NULL),
	(12, 'Bireuen ', 11, NULL, NULL),
	(13, 'Aceh BaratDaya', 11, NULL, NULL),
	(14, 'Gayo Lues', 11, NULL, NULL),
	(15, 'Aceh Jaya', 11, NULL, NULL),
	(16, 'Nagan Raya', 11, NULL, NULL),
	(17, 'Aceh Tamiang', 11, NULL, NULL),
	(18, 'Aceh Jaya', 11, NULL, NULL),
	(19, 'Bener Meriah', 11, NULL, NULL),
	(20, 'Pidie Jaya', 11, NULL, NULL),
	(21, 'Kota Banda Aceh ', 11, NULL, NULL),
	(22, 'Kota Sabang', 11, NULL, NULL),
	(23, 'Kota Lhokseumawe', 11, NULL, NULL),
	(24, 'Kota Langsa', 11, NULL, NULL),
	(25, 'Kota Subulussalam', 11, NULL, NULL),
	(26, 'Tapanuli Tengah', 12, NULL, NULL),
	(27, 'Tapanuli Utara', 12, NULL, NULL),
	(28, 'Tapanuli Selatan', 12, NULL, NULL),
	(29, 'Nias    ', 12, NULL, NULL),
	(30, 'Langkat ', 12, NULL, NULL),
	(31, 'Karo    ', 12, NULL, NULL),
	(32, 'Deli Serdang', 12, NULL, NULL),
	(33, 'Simalungun  ', 12, NULL, NULL),
	(34, 'Asahan  ', 12, NULL, NULL),
	(35, 'Labuhan Batu', 12, NULL, NULL),
	(36, 'Dairi   ', 12, NULL, NULL),
	(37, 'Toba Samosir', 12, NULL, NULL),
	(38, 'Mandailing Natal', 12, NULL, NULL),
	(39, 'Nias Selatan', 12, NULL, NULL),
	(40, 'Pakpak Bharat', 12, NULL, NULL),
	(41, 'Humbang Hasundutan', 12, NULL, NULL),
	(42, 'Samosir ', 12, NULL, NULL),
	(43, 'Serdang Bedagai', 12, NULL, NULL),
	(44, 'Padang Lawas', 12, NULL, NULL),
	(45, 'Padang Lawas Utara', 12, NULL, NULL),
	(46, 'Batu Bara', 12, NULL, NULL),
	(47, 'Labuhan Batu Selatan', 12, NULL, NULL),
	(48, 'Labuhan Batu Utara', 12, NULL, NULL),
	(49, 'Nias Barat', 12, NULL, NULL),
	(50, 'Nias Utara', 12, NULL, NULL),
	(51, 'Kota Medan', 12, NULL, NULL),
	(52, 'Kota Pematang Siantar', 12, NULL, NULL),
	(53, 'Kota Sibolga', 12, NULL, NULL),
	(54, 'Kota Tanjung Balai', 12, NULL, NULL),
	(55, 'Kota Binjai', 12, NULL, NULL),
	(56, 'Kota Tebing Tinggi', 12, NULL, NULL),
	(57, 'Kota Padangsidimpuan', 12, NULL, NULL),
	(58, 'Kota Gunungsitoli', 12, NULL, NULL),
	(59, 'Pesisir Selatan', 13, NULL, NULL),
	(60, 'Solok ', 13, NULL, NULL),
	(61, 'Sijunjung ', 13, NULL, NULL),
	(62, 'Tanah Datar', 13, NULL, NULL),
	(63, 'Padang Pariaman', 13, NULL, NULL),
	(64, 'Agam', 13, NULL, NULL),
	(65, 'Lima Puluh Kota', 13, NULL, NULL),
	(66, 'Pasaman ', 13, NULL, NULL),
	(67, 'Kepulauan Mentawai', 13, NULL, NULL),
	(68, 'Dharmasraya ', 13, NULL, NULL),
	(69, 'Solok Selatan', 13, NULL, NULL),
	(70, 'Pasaman Barat', 13, NULL, NULL),
	(71, 'Kota Padang', 13, NULL, NULL),
	(72, 'Kota Solok', 13, NULL, NULL),
	(73, 'Kota Sawah Lunto', 13, NULL, NULL),
	(74, 'Kota Padang Panjang', 13, NULL, NULL),
	(75, 'Kota Bukittinggi', 13, NULL, NULL),
	(76, 'Kota Payakumbuh', 13, NULL, NULL),
	(77, 'Kota Pariaman', 13, NULL, NULL),
	(78, 'Kampar  ', 14, NULL, NULL),
	(79, 'Indragiri Hulu', 14, NULL, NULL),
	(80, 'Bengkalis   ', 14, NULL, NULL),
	(81, 'Indragiri Hilir', 14, NULL, NULL),
	(82, 'Pelalawan   ', 14, NULL, NULL),
	(83, 'Rokan Hulu', 14, NULL, NULL),
	(84, 'Rokan Hilir', 14, NULL, NULL),
	(85, 'Siak    ', 14, NULL, NULL),
	(86, 'Kuantan Singingi', 14, NULL, NULL),
	(87, 'Kepulauan Meranti', 14, NULL, NULL),
	(88, 'Kota Pekanbaru', 14, NULL, NULL),
	(89, 'Kota Dumai', 14, NULL, NULL),
	(90, 'Kerinci', 15, NULL, NULL),
	(91, 'Merangin ', 15, NULL, NULL),
	(92, 'Sarolangun ', 15, NULL, NULL),
	(93, 'Batang Hari', 15, NULL, NULL),
	(94, 'Muaro Jambi', 15, NULL, NULL),
	(95, 'Tanjung Jabung Barat', 15, NULL, NULL),
	(96, 'Tanjung Jabung Timur', 15, NULL, NULL),
	(97, 'Bungo', 15, NULL, NULL),
	(98, 'Tebo    ', 15, NULL, NULL),
	(99, 'Kota Jambi', 15, NULL, NULL),
	(100, 'Kota Sungai Penuh', 15, NULL, NULL),
	(101, 'Ogan Komering Ulu', 16, NULL, NULL),
	(102, 'Ogan Komering Ilir', 16, NULL, NULL),
	(103, 'Muara Enim', 16, NULL, NULL),
	(104, 'Lahat   ', 16, NULL, NULL),
	(105, 'Musi Rawas', 16, NULL, NULL),
	(106, 'Musi Banyuasin', 16, NULL, NULL),
	(107, 'Banyuasin', 16, NULL, NULL),
	(108, 'Ogan Komering Ulu Timur', 16, NULL, NULL),
	(109, 'Ogan Komering Ulu Selatan', 16, NULL, NULL),
	(110, 'Ogan Ilir', 16, NULL, NULL),
	(111, 'Empat Lawang', 16, NULL, NULL),
	(112, 'Penukal Abab Lematang Ilir', 16, NULL, NULL),
	(113, 'Musi Rawas Utara', 16, NULL, NULL),
	(114, 'Kota Palembang', 16, NULL, NULL),
	(115, 'Kota Pagar Alam', 16, NULL, NULL),
	(116, 'Kota Lubuklinggau', 16, NULL, NULL),
	(117, 'Kota Prabumulih', 16, NULL, NULL),
	(118, 'Bengkulu Selatan', 17, NULL, NULL),
	(119, 'Rejang Lebong', 17, NULL, NULL),
	(120, 'Bengkulu Utara', 17, NULL, NULL),
	(121, 'Kaur', 17, NULL, NULL),
	(122, 'Seluma  ', 17, NULL, NULL),
	(123, 'Mukomuko   ', 17, NULL, NULL),
	(124, 'Lebong  ', 17, NULL, NULL),
	(125, 'Kepahiang   ', 17, NULL, NULL),
	(126, 'Bengkulu Tengah', 17, NULL, NULL),
	(127, 'Kota Bengkulu', 17, NULL, NULL),
	(128, 'Lampung Selatan', 18, NULL, NULL),
	(129, 'Lampung Tengah', 18, NULL, NULL),
	(130, 'Lampung Utara', 18, NULL, NULL),
	(131, 'Lampung Barat', 18, NULL, NULL),
	(132, 'Tulangbawang ', 18, NULL, NULL),
	(133, 'Tanggamus  ', 18, NULL, NULL),
	(134, 'Lampung Timur', 18, NULL, NULL),
	(135, 'Way Kanan', 18, NULL, NULL),
	(136, 'Pesawaran  ', 18, NULL, NULL),
	(137, 'Pringsewu  ', 18, NULL, NULL),
	(138, 'Tulang Bawang Barat', 18, NULL, NULL),
	(139, 'Mesuji', 18, NULL, NULL),
	(140, 'Pesisir Barat', 18, NULL, NULL),
	(141, 'Kota Bandar Lampung', 18, NULL, NULL),
	(142, 'Kota Metro', 18, NULL, NULL),
	(143, 'Bangka  ', 19, NULL, NULL),
	(144, 'Belitung    ', 19, NULL, NULL),
	(145, 'Bangka Selatan', 19, NULL, NULL),
	(146, 'Bangka Tengah', 19, NULL, NULL),
	(147, 'Bangka Barat', 19, NULL, NULL),
	(148, 'Belitung Timur', 19, NULL, NULL),
	(149, 'Kota Pangkal Pinang', 19, NULL, NULL),
	(150, 'Bintan  ', 21, NULL, NULL),
	(151, 'Karimun ', 21, NULL, NULL),
	(152, 'Natuna  ', 21, NULL, NULL),
	(153, 'Lingga  ', 21, NULL, NULL),
	(154, 'Kepulauan Anambas', 21, NULL, NULL),
	(155, 'Kota Batam', 21, NULL, NULL),
	(156, 'Kota Tanjung Pinang', 21, NULL, NULL),
	(157, 'Kepulauan Seribu', 31, NULL, NULL),
	(158, 'Kota Jakarta Pusat', 31, NULL, NULL),
	(159, 'Kota Jakarta Utara', 31, NULL, NULL),
	(160, 'Kota Jakarta Barat', 31, NULL, NULL),
	(161, 'Kota Jakarta Selatan', 31, NULL, NULL),
	(162, 'Kota Jakarta Timur', 31, NULL, NULL),
	(163, 'Bogor', 32, NULL, NULL),
	(164, 'Sukabumi    ', 32, NULL, NULL),
	(165, 'Cianjur ', 32, NULL, NULL),
	(166, 'Bandung ', 32, NULL, NULL),
	(167, 'Garut   ', 32, NULL, NULL),
	(168, 'Tasikmalaya ', 32, NULL, NULL),
	(169, 'Ciamis  ', 32, NULL, NULL),
	(170, 'Kuningan    ', 32, NULL, NULL),
	(171, 'Cirebon ', 32, NULL, NULL),
	(172, 'Majalengka', 32, NULL, NULL),
	(173, 'Sumedang  ', 32, NULL, NULL),
	(174, 'Indramayu ', 32, NULL, NULL),
	(175, 'Subang  ', 32, NULL, NULL),
	(176, 'Purwakarta', 32, NULL, NULL),
	(177, 'Karawang ', 32, NULL, NULL),
	(178, 'Bekasi  ', 32, NULL, NULL),
	(179, 'Bandung Barat', 32, NULL, NULL),
	(180, 'Pangandaran', 32, NULL, NULL),
	(181, 'Kota Bogor', 32, NULL, NULL),
	(182, 'Kota Sukabumi', 32, NULL, NULL),
	(183, 'Kota Bandung', 32, NULL, NULL),
	(184, 'Kota Cirebon', 32, NULL, NULL),
	(185, 'Kota Bekasi', 32, NULL, NULL),
	(186, 'Kota Depok', 32, NULL, NULL),
	(187, 'Kota Cimahi', 32, NULL, NULL),
	(188, 'Kota Tasikmalaya', 32, NULL, NULL),
	(189, 'Kota Banjar', 32, NULL, NULL),
	(190, 'Cilacap', 33, NULL, NULL),
	(191, 'Banyumas', 33, NULL, NULL),
	(192, 'Purbalingga', 33, NULL, NULL),
	(193, 'Banjarnegara', 33, NULL, NULL),
	(194, 'Kebumen', 33, NULL, NULL),
	(195, 'Purworejo', 33, NULL, NULL),
	(196, 'Wonosobo', 33, NULL, NULL),
	(197, 'Magelang', 33, NULL, NULL),
	(198, 'Boyolali', 33, NULL, NULL),
	(199, 'Klaten ', 33, NULL, NULL),
	(200, 'Sukoharjo ', 33, NULL, NULL),
	(201, 'Wonogiri  ', 33, NULL, NULL),
	(202, 'Karanganyar', 33, NULL, NULL),
	(203, 'Sragen', 33, NULL, NULL),
	(204, 'Grobogan', 33, NULL, NULL),
	(205, 'Blora   ', 33, NULL, NULL),
	(206, 'Rembang ', 33, NULL, NULL),
	(207, 'Pati    ', 33, NULL, NULL),
	(208, 'Kudus   ', 33, NULL, NULL),
	(209, 'Jepara  ', 33, NULL, NULL),
	(210, 'Demak   ', 33, NULL, NULL),
	(211, 'Semarang  ', 33, NULL, NULL),
	(212, 'Temanggung', 33, NULL, NULL),
	(213, 'Kendal  ', 33, NULL, NULL),
	(214, 'Batang  ', 33, NULL, NULL),
	(215, 'Pekalongan ', 33, NULL, NULL),
	(216, 'Pemalang', 33, NULL, NULL),
	(217, 'Tegal   ', 33, NULL, NULL),
	(218, 'Brebes  ', 33, NULL, NULL),
	(219, 'Kota Magelang', 33, NULL, NULL),
	(220, 'Kota Surakarta', 33, NULL, NULL),
	(221, 'Kota Salatiga', 33, NULL, NULL),
	(222, 'Kota Semarang', 33, NULL, NULL),
	(223, 'Kota Pekalongan', 33, NULL, NULL),
	(224, 'Kota Tegal', 33, NULL, NULL),
	(225, 'Kulon Progo', 34, NULL, NULL),
	(226, 'Bantul  ', 34, NULL, NULL),
	(227, 'Gunung Kidul', 34, NULL, NULL),
	(228, 'Sleman  ', 34, NULL, NULL),
	(229, 'Kota Yogyakarta', 34, NULL, NULL),
	(230, 'Pacitan', 35, NULL, NULL),
	(231, 'Ponorogo', 35, NULL, NULL),
	(232, 'Trenggalek', 35, NULL, NULL),
	(233, 'Tulungagung', 35, NULL, NULL),
	(234, 'Blitar', 35, NULL, NULL),
	(235, 'Kediri', 35, NULL, NULL),
	(236, 'Malang', 35, NULL, NULL),
	(237, 'Lumajang', 35, NULL, NULL),
	(238, 'Jember', 35, NULL, NULL),
	(239, 'Banyuwangi', 35, NULL, NULL),
	(240, 'Bondowoso', 35, NULL, NULL),
	(241, 'Situbondo', 35, NULL, NULL),
	(242, 'Probolinggo ', 35, NULL, NULL),
	(243, 'Pasuruan', 35, NULL, NULL),
	(244, 'Sidoarjo', 35, NULL, NULL),
	(245, 'Mojokerto', 35, NULL, NULL),
	(246, 'Jombang', 35, NULL, NULL),
	(247, 'Nganjuk', 35, NULL, NULL),
	(248, 'Madiun', 35, NULL, NULL),
	(249, 'Magetan', 35, NULL, NULL),
	(250, 'Ngawi', 35, NULL, NULL),
	(251, 'Bojonegoro ', 35, NULL, NULL),
	(252, 'Tuban', 35, NULL, NULL),
	(253, 'Lamongan', 35, NULL, NULL),
	(254, 'Gresik', 35, NULL, NULL),
	(255, 'Bangkalan ', 35, NULL, NULL),
	(256, 'Sampang', 35, NULL, NULL),
	(257, 'Pamekasan  ', 35, NULL, NULL),
	(258, 'Sumenep', 35, NULL, NULL),
	(259, 'Kota Kediri', 35, NULL, NULL),
	(260, 'Kota Blitar', 35, NULL, NULL),
	(261, 'Kota Malang', 35, NULL, NULL),
	(262, 'Kota Probolinggo', 35, NULL, NULL),
	(263, 'Kota Pasuruan', 35, NULL, NULL),
	(264, 'Kota Mojokerto', 35, NULL, NULL),
	(265, 'Kota Madiun', 35, NULL, NULL),
	(266, 'Kota Surabaya', 35, NULL, NULL),
	(267, 'Kota Batu', 35, NULL, NULL),
	(268, 'Pandeglang', 36, NULL, NULL),
	(269, 'Lebak', 36, NULL, NULL),
	(270, 'Tangerang ', 36, NULL, NULL),
	(271, 'Serang ', 36, NULL, NULL),
	(272, 'Kota Tangerang', 36, NULL, NULL),
	(273, 'Kota Cilegon', 36, NULL, NULL),
	(274, 'Kota Serang', 36, NULL, NULL),
	(275, 'Kota Tangerang Selatan', 36, NULL, NULL),
	(276, 'Jembrana', 51, NULL, NULL),
	(277, 'Tabanan', 51, NULL, NULL),
	(278, 'Badung', 51, NULL, NULL),
	(279, 'Gianyar', 51, NULL, NULL),
	(280, 'Klungkung   ', 51, NULL, NULL),
	(281, 'Bangli', 51, NULL, NULL),
	(282, 'Karang Asem', 51, NULL, NULL),
	(283, 'Buleleng', 51, NULL, NULL),
	(284, 'Kota Denpasar', 51, NULL, NULL),
	(285, 'Lombok Barat', 52, NULL, NULL),
	(286, 'Lombok Tengah', 52, NULL, NULL),
	(287, 'Lombok Timur', 52, NULL, NULL),
	(288, 'Sumbawa', 52, NULL, NULL),
	(289, 'Dompu', 52, NULL, NULL),
	(290, 'Bima', 52, NULL, NULL),
	(291, 'Sumbawa Barat', 52, NULL, NULL),
	(292, 'Lombok Utara', 52, NULL, NULL),
	(293, 'Kota Mataram', 52, NULL, NULL),
	(294, 'Kota Bima', 52, NULL, NULL),
	(295, 'Kupang', 53, NULL, NULL),
	(296, 'Timor Tengah Selatan', 53, NULL, NULL),
	(297, 'Timor Tengah Utara', 53, NULL, NULL),
	(298, 'Belu', 53, NULL, NULL),
	(299, 'Alor', 53, NULL, NULL),
	(300, 'Flores Timur', 53, NULL, NULL),
	(301, 'Sikka', 53, NULL, NULL),
	(302, 'Ende', 53, NULL, NULL),
	(303, 'Ngada', 53, NULL, NULL),
	(304, 'Manggarai', 53, NULL, NULL),
	(305, 'Sumba Barat', 53, NULL, NULL),
	(306, 'Sumba Timur', 53, NULL, NULL),
	(307, 'Lembata', 53, NULL, NULL),
	(308, 'Rote Ndao', 53, NULL, NULL),
	(309, 'Manggarai Barat', 53, NULL, NULL),
	(310, 'Nagekeo', 53, NULL, NULL),
	(311, 'Sumba Tengah', 53, NULL, NULL),
	(312, 'Sumba Barat Daya', 53, NULL, NULL),
	(313, 'Manggarai Timur', 53, NULL, NULL),
	(314, 'Sabu Raijua', 53, NULL, NULL),
	(315, 'Malaka', 53, NULL, NULL),
	(316, 'Kota Kupang', 53, NULL, NULL),
	(317, 'Sambas', 61, NULL, NULL),
	(318, 'Mempawah', 61, NULL, NULL),
	(319, 'Sanggau', 61, NULL, NULL),
	(320, 'Ketapang', 61, NULL, NULL),
	(321, 'Sintang', 61, NULL, NULL),
	(322, 'Kapuas Hulu', 61, NULL, NULL),
	(323, 'Bengkayang', 61, NULL, NULL),
	(324, 'Landak', 61, NULL, NULL),
	(325, 'Melawi', 61, NULL, NULL),
	(326, 'Sekadau', 61, NULL, NULL),
	(327, 'Kayong Utara', 61, NULL, NULL),
	(328, 'Kubu Raya', 61, NULL, NULL),
	(329, 'Kota Pontianak', 61, NULL, NULL),
	(330, 'Kota Singkawang', 61, NULL, NULL),
	(331, 'Kotawaringin Barat', 62, NULL, NULL),
	(332, 'Kotawaringin Timur', 62, NULL, NULL),
	(333, 'Kapuas', 62, NULL, NULL),
	(334, 'Barito Selatan', 62, NULL, NULL),
	(335, 'Barito Utara', 62, NULL, NULL),
	(336, 'Katingan', 62, NULL, NULL),
	(337, 'Seruyan', 62, NULL, NULL),
	(338, 'Sukamara', 62, NULL, NULL),
	(339, 'Lamandau', 62, NULL, NULL),
	(340, 'Gunung Mas', 62, NULL, NULL),
	(341, 'Pulang Pisau', 62, NULL, NULL),
	(342, 'Murung Raya', 62, NULL, NULL),
	(343, 'Barito Timur', 62, NULL, NULL),
	(344, 'Kota Palangka Raya', 62, NULL, NULL),
	(345, 'Tanah Laut', 63, NULL, NULL),
	(346, 'Kota Baru', 63, NULL, NULL),
	(347, 'Banjar', 63, NULL, NULL),
	(348, 'Barito Kuala', 63, NULL, NULL),
	(349, 'Tapin', 63, NULL, NULL),
	(350, 'Hulu Sungai Selatan', 63, NULL, NULL),
	(351, 'Hulu Sungai Tengah', 63, NULL, NULL),
	(352, 'Hulu Sungai Utara', 63, NULL, NULL),
	(353, 'Tabalong', 63, NULL, NULL),
	(354, 'Tanah Bumbu', 63, NULL, NULL),
	(355, 'Balangan', 63, NULL, NULL),
	(356, 'Kota Banjarmasin', 63, NULL, NULL),
	(357, 'Kota Banjar Baru', 63, NULL, NULL),
	(358, 'Paser', 64, NULL, NULL),
	(359, 'Kutai Kartanegara', 64, NULL, NULL),
	(360, 'Berau', 64, NULL, NULL),
	(361, 'Kutai Barat', 64, NULL, NULL),
	(362, 'Kutai Timur', 64, NULL, NULL),
	(363, 'Penajam Paser Utara', 64, NULL, NULL),
	(364, 'Mahakam Hulu', 64, NULL, NULL),
	(365, 'Kota Balikpapan', 64, NULL, NULL),
	(366, 'Kota Samarinda', 64, NULL, NULL),
	(367, 'Kota Bontang', 64, NULL, NULL),
	(368, 'Bulungan', 65, NULL, NULL),
	(369, 'Malinau', 65, NULL, NULL),
	(370, 'Nunukan', 65, NULL, NULL),
	(371, 'Tana Tidung', 65, NULL, NULL),
	(372, 'Kota Tarakan', 65, NULL, NULL),
	(373, 'Bolaang Mongondow', 71, NULL, NULL),
	(374, 'Minahasa', 71, NULL, NULL),
	(375, 'Kepulauan Sangihe', 71, NULL, NULL),
	(376, 'Kepulauan Talaud', 71, NULL, NULL),
	(377, 'Minahasa Selatan', 71, NULL, NULL),
	(378, 'Minahasa Utara', 71, NULL, NULL),
	(379, 'Bolaang Mongondow Utara', 71, NULL, NULL),
	(380, 'Minahasa Tenggara', 71, NULL, NULL),
	(381, 'Siau Tagulandang Biaro', 71, NULL, NULL),
	(382, 'Bolaang Mongondow Timur', 71, NULL, NULL),
	(383, 'Bolaang Mongondow Selatan', 71, NULL, NULL),
	(384, 'Kota Manado', 71, NULL, NULL),
	(385, 'Kota Bitung', 71, NULL, NULL),
	(386, 'Kota Tomohon', 71, NULL, NULL),
	(387, 'Kota Kotamobagu', 71, NULL, NULL),
	(388, 'Banggai', 72, NULL, NULL),
	(389, 'Poso', 72, NULL, NULL),
	(390, 'Donggala', 72, NULL, NULL),
	(391, 'Toli-Toli', 72, NULL, NULL),
	(392, 'Buol', 72, NULL, NULL),
	(393, 'Morowali', 72, NULL, NULL),
	(394, 'Morowali Utara', 72, NULL, NULL),
	(395, 'Banggai Laut', 72, NULL, NULL),
	(396, 'Banggai Kepulauan', 72, NULL, NULL),
	(397, 'Parigi Moutong', 72, NULL, NULL),
	(398, 'Tojo Una-Una', 72, NULL, NULL),
	(399, 'Sigi', 72, NULL, NULL),
	(400, 'Kota Palu', 72, NULL, NULL),
	(401, 'Kepulauan Selayar', 73, NULL, NULL),
	(402, 'Bulukumba', 73, NULL, NULL),
	(403, 'Bantaeng', 73, NULL, NULL),
	(404, 'Jeneponto', 73, NULL, NULL),
	(405, 'Takalar', 73, NULL, NULL),
	(406, 'Gowa', 73, NULL, NULL),
	(407, 'Sinjai', 73, NULL, NULL),
	(408, 'Bone', 73, NULL, NULL),
	(409, 'Maros', 73, NULL, NULL),
	(410, 'Pangkajene Dan Kepulauan', 73, NULL, NULL),
	(411, 'Barru', 73, NULL, NULL),
	(412, 'Soppeng', 73, NULL, NULL),
	(413, 'Wajo', 73, NULL, NULL),
	(414, 'Sidenreng Rappang', 73, NULL, NULL),
	(415, 'Pinrang', 73, NULL, NULL),
	(416, 'Enrekang', 73, NULL, NULL),
	(417, 'Luwu', 73, NULL, NULL),
	(418, 'Tana Toraja', 73, NULL, NULL),
	(419, 'Toraja Utara', 73, NULL, NULL),
	(420, 'Luwu Utara', 73, NULL, NULL),
	(421, 'Luwu Timur', 73, NULL, NULL),
	(422, 'Kota Makassar', 73, NULL, NULL),
	(423, 'Kota Parepare', 73, NULL, NULL),
	(424, 'Kota Palopo', 73, NULL, NULL),
	(425, 'Kolaka', 74, NULL, NULL),
	(426, 'Konawe', 74, NULL, NULL),
	(427, 'Konawe Kepulauan', 74, NULL, NULL),
	(428, 'Muna', 74, NULL, NULL),
	(429, 'Buton', 74, NULL, NULL),
	(430, 'Konawe Selatan', 74, NULL, NULL),
	(431, 'Bombana', 74, NULL, NULL),
	(432, 'Wakatobi', 74, NULL, NULL),
	(433, 'Kolaka Utara', 74, NULL, NULL),
	(434, 'Buton Utara', 74, NULL, NULL),
	(435, 'Konawe Utara', 74, NULL, NULL),
	(436, 'Kolaka Timur', 74, NULL, NULL),
	(437, 'Kota Kendari', 74, NULL, NULL),
	(438, 'Kota Baubau', 74, NULL, NULL),
	(439, 'Gorontalo', 75, NULL, NULL),
	(440, 'Boalemo', 75, NULL, NULL),
	(441, 'Bone Bolango', 75, NULL, NULL),
	(442, 'Pohuwato', 75, NULL, NULL),
	(443, 'Gorontalo Utara', 75, NULL, NULL),
	(444, 'Kota Gorontalo', 75, NULL, NULL),
	(445, 'Mamuju Utara', 76, NULL, NULL),
	(446, 'Mamuju', 76, NULL, NULL),
	(447, 'Mamasa', 76, NULL, NULL),
	(448, 'Polewali Mandar', 76, NULL, NULL),
	(449, 'Majene', 76, NULL, NULL),
	(450, 'Mamuju Tengah', 76, NULL, NULL),
	(451, 'Maluku Tengah', 81, NULL, NULL),
	(452, 'Maluku Tenggara', 81, NULL, NULL),
	(453, 'Maluku Tenggara Barat', 81, NULL, NULL),
	(454, 'Buru', 81, NULL, NULL),
	(455, 'Seram Bagian Timur', 81, NULL, NULL),
	(456, 'Seram Bagian Barat', 81, NULL, NULL),
	(457, 'Kepulauan Aru', 81, NULL, NULL),
	(458, 'Maluku Barat Daya', 81, NULL, NULL),
	(459, 'Buru Selatan', 81, NULL, NULL),
	(460, 'Kota Ambon', 81, NULL, NULL),
	(461, 'Kota Tual', 81, NULL, NULL),
	(462, 'Halmahera Barat', 82, NULL, NULL),
	(463, 'Halmahera Tengah', 82, NULL, NULL),
	(464, 'Halmahera Utara', 82, NULL, NULL),
	(465, 'Halmahera Selatan', 82, NULL, NULL),
	(466, 'Kepulauan Sula', 82, NULL, NULL),
	(467, 'Halmahera Timur', 82, NULL, NULL),
	(468, 'Pulau Morotai', 82, NULL, NULL),
	(469, 'Pulau Taliabu', 82, NULL, NULL),
	(470, 'Kota Ternate', 82, NULL, NULL),
	(471, 'Kota Tidore Kepulauan', 82, NULL, NULL),
	(472, 'Merauke', 91, NULL, NULL),
	(473, 'Jayawijaya', 91, NULL, NULL),
	(474, 'Jayapura', 91, NULL, NULL),
	(475, 'Nabire', 91, NULL, NULL),
	(476, 'Kepulauan Yapen', 91, NULL, NULL),
	(477, 'Biak Numfor', 91, NULL, NULL),
	(478, 'Puncak Jaya', 91, NULL, NULL),
	(479, 'Paniai', 91, NULL, NULL),
	(480, 'Mimika', 91, NULL, NULL),
	(481, 'Sarmi', 91, NULL, NULL),
	(482, 'Keerom', 91, NULL, NULL),
	(483, 'Pegunungan Bintang', 91, NULL, NULL),
	(484, 'Yahukimo', 91, NULL, NULL),
	(485, 'Tolikara', 91, NULL, NULL),
	(486, 'Waropen', 91, NULL, NULL),
	(487, 'Boven Digoel', 91, NULL, NULL),
	(488, 'Mappi', 91, NULL, NULL),
	(489, 'Asmat', 91, NULL, NULL),
	(490, 'Lanny Jaya', 91, NULL, NULL),
	(491, 'Nduga', 91, NULL, NULL),
	(492, 'Supiori', 91, NULL, NULL),
	(493, 'Intan Jaya', 91, NULL, NULL),
	(494, 'Puncak', 91, NULL, NULL),
	(495, 'Deiyai', 91, NULL, NULL),
	(496, 'Dogiyai', 91, NULL, NULL),
	(497, 'Yalimo', 91, NULL, NULL),
	(498, 'Mamberamo Tengah', 91, NULL, NULL),
	(499, 'Mamberamo Raya', 91, NULL, NULL),
	(500, 'Kota Jayapura', 91, NULL, NULL),
	(501, 'Sorong', 92, NULL, NULL),
	(502, 'Manokwari', 92, NULL, NULL),
	(503, 'Fakfak', 92, NULL, NULL),
	(504, 'Sorong Selatan', 92, NULL, NULL),
	(505, 'Raja Ampat', 92, NULL, NULL),
	(506, 'Teluk Bintuni', 92, NULL, NULL),
	(507, 'Teluk Wondama', 92, NULL, NULL),
	(508, 'Kaimana', 92, NULL, NULL),
	(509, 'Maybrat', 92, NULL, NULL),
	(510, 'Tambrauw', 92, NULL, NULL),
	(511, 'Pegunungan Arfak', 92, NULL, NULL),
	(512, 'Manokwari Selatan', 92, NULL, NULL),
	(513, 'Kota Sorong', 92, NULL, NULL);
/*!40000 ALTER TABLE `m_kota` ENABLE KEYS */;

-- Dumping data for table ads.m_pekerjaan: ~8 rows (approximately)
/*!40000 ALTER TABLE `m_pekerjaan` DISABLE KEYS */;
INSERT INTO `m_pekerjaan` (`id`, `kode_pekerjaan`, `nama_pekerjaan`, `keterangan`, `created_at`, `updated_at`) VALUES
	(1, 'sd', 'wer', '0', NULL, NULL),
	(2, 'ert', 'ert', '1', '2018-02-06 12:48:08', '2018-02-06 12:48:08'),
	(3, 'weeeq', 'weeeq', '1', '2018-02-06 12:53:15', '2018-02-06 12:53:15'),
	(4, 'vvsdsdfvkjsdflkjsdlfkjwef', 'vvsdsdfvkjsdflkjsdlfkjwef', '1', '2018-02-06 13:14:46', '2018-02-06 13:14:46'),
	(5, 'cvvcvwefe', 'cvvcvwefe', '1', '2018-02-06 13:15:31', '2018-02-06 13:15:31'),
	(6, 'moer', 'moer', '1', '2018-02-06 13:21:30', '2018-02-06 13:21:30'),
	(7, 'loch', 'loch', '1', '2018-02-06 14:04:53', '2018-02-06 14:04:53'),
	(8, 'waawww', 'waawww', '1', '2018-02-06 14:06:40', '2018-02-06 14:06:40'),
	(9, 'eec', 'eec', '1', '2018-02-12 01:51:20', '2018-02-12 01:51:20');
/*!40000 ALTER TABLE `m_pekerjaan` ENABLE KEYS */;

-- Dumping data for table ads.m_provinsi: ~34 rows (approximately)
/*!40000 ALTER TABLE `m_provinsi` DISABLE KEYS */;
INSERT INTO `m_provinsi` (`id`, `nama_provinsi`, `created_at`, `updated_at`) VALUES
	(11, 'Aceh', NULL, NULL),
	(12, 'Sumatera Utara', NULL, NULL),
	(13, 'Sumatera Barat', NULL, NULL),
	(14, 'Riau', NULL, NULL),
	(15, 'Jambi', NULL, NULL),
	(16, 'Sumatera Selatan', NULL, NULL),
	(17, 'Bengkulu', NULL, NULL),
	(18, 'Lampung', NULL, NULL),
	(19, 'Bangka Belitung', NULL, NULL),
	(21, 'Kepulauan Riau', NULL, NULL),
	(31, 'DKI Jakarta', NULL, NULL),
	(32, 'Jawa Barat', NULL, NULL),
	(33, 'Jawa Tengah', NULL, NULL),
	(34, 'DI Yogyakarta', NULL, NULL),
	(35, 'Jawa Timur', NULL, NULL),
	(36, 'Banten', NULL, NULL),
	(51, 'Bali', NULL, NULL),
	(52, 'Nusa Tenggara Barat', NULL, NULL),
	(53, 'Nusa Tenggara Timur', NULL, NULL),
	(61, 'Kalimantan Barat', NULL, NULL),
	(62, 'Kalimantan Tengah', NULL, NULL),
	(63, 'Kalimantan Selatan', NULL, NULL),
	(64, 'Kalimantan Timur', NULL, NULL),
	(65, 'Kalimantan Utara', NULL, NULL),
	(71, 'Sulawesi Utara', NULL, NULL),
	(72, 'Sulawesi Tengah', NULL, NULL),
	(73, 'Sulawesi Selatan', NULL, NULL),
	(74, 'Sulawesi Tenggara', NULL, NULL),
	(75, 'Gorontalo', NULL, NULL),
	(76, 'Sulawesi Barat', NULL, NULL),
	(81, 'Maluku', NULL, NULL),
	(82, 'Maluku Utara', NULL, NULL),
	(91, 'Papua', NULL, NULL),
	(92, 'Papua Barat', NULL, NULL);
/*!40000 ALTER TABLE `m_provinsi` ENABLE KEYS */;

-- Dumping data for table ads.m_soal: ~4 rows (approximately)
/*!40000 ALTER TABLE `m_soal` DISABLE KEYS */;
INSERT INTO `m_soal` (`id`, `no_soal`, `pertanyaan`, `pilihan_1`, `pilihan_2`, `pilihan_3`, `pilihan_4`, `dimensi`, `created_at`, `updated_at`, `createdby`, `updateby`) VALUES
	(1, 1, 'aw', 'ss', 'cc', 'eegg', 'ee', 'RO', '2018-02-03 08:21:51', '2018-02-13 06:28:24', 1, 1),
	(2, 2, 'HJG', 'jh', 'hyg', 'kjh', 'jh', 'AS', '2018-02-05 06:42:09', '2018-02-05 06:42:09', 1, 1),
	(3, 3, 'llewf', 'wer', 'fmr', 'mgmg', 'mg', 'RO', '2018-02-08 01:50:51', '2018-02-08 01:50:51', 1, 1),
	(4, 4, 'slksd', 'klwer', 'lkgm', 'lewr', 'ngl', 'RD', '2018-02-08 01:51:06', '2018-02-08 01:51:06', 1, 1);
/*!40000 ALTER TABLE `m_soal` ENABLE KEYS */;

-- Dumping data for table ads.m_suku: ~6 rows (approximately)
/*!40000 ALTER TABLE `m_suku` DISABLE KEYS */;
INSERT INTO `m_suku` (`id`, `kode_suku`, `nama_suku`, `keterangan`, `created_at`, `updated_at`) VALUES
	(1, '23', 'sf', '0', NULL, NULL),
	(2, 're', 're', '1', '2018-02-06 12:54:21', '2018-02-06 12:54:21'),
	(3, 'wefe', 'wefe', '1', '2018-02-06 13:14:29', '2018-02-06 13:14:29'),
	(4, 'cvvcvwe', 'cvvcvwe', '1', '2018-02-06 13:15:25', '2018-02-06 13:15:25'),
	(5, 'csdee', 'csdee', '1', '2018-02-06 13:21:17', '2018-02-06 13:21:17'),
	(6, 'dih', 'wkwkwkwkwwkw', '0', '2018-02-06 14:06:52', '2018-02-13 06:35:02');
/*!40000 ALTER TABLE `m_suku` ENABLE KEYS */;

-- Dumping data for table ads.m_tinggal_bersama: ~11 rows (approximately)
/*!40000 ALTER TABLE `m_tinggal_bersama` DISABLE KEYS */;
INSERT INTO `m_tinggal_bersama` (`id`, `kode_tinggal_bersama`, `tinggal_bersama`, `keterangan`, `created_at`, `updated_at`) VALUES
	(1, '1', 'asd', '0', NULL, NULL),
	(2, 'zxc', 'zxc', '1', '2018-02-06 12:56:42', '2018-02-06 12:56:42'),
	(3, 'rre', 'rre', '1', '2018-02-06 12:57:53', '2018-02-06 12:57:53'),
	(4, 'gre', 'gre', '1', '2018-02-06 13:04:39', '2018-02-06 13:04:39'),
	(5, 'ew', 'ew', '1', '2018-02-06 13:09:51', '2018-02-06 13:09:51'),
	(6, 'fewffff', 'fewffff', '1', '2018-02-06 13:10:44', '2018-02-06 13:10:44'),
	(7, 'web', 'web', '1', '2018-02-06 13:11:51', '2018-02-06 13:11:51'),
	(8, 'wefef', 'wefef', '1', '2018-02-06 13:14:35', '2018-02-06 13:14:35'),
	(9, 'ecxczxc', 'ecxczxc', '1', '2018-02-06 13:15:17', '2018-02-06 13:15:17'),
	(10, 'aasfsdfsdf', 'aasfsdfsdf', '1', '2018-02-06 13:21:00', '2018-02-06 13:21:00'),
	(11, 'faaaakkk', 'faaaakkk', '1', '2018-02-06 14:07:05', '2018-02-06 14:07:05'),
	(12, 'pee', 'pee', '1', '2018-02-09 07:41:38', '2018-02-09 07:41:38');
/*!40000 ALTER TABLE `m_tinggal_bersama` ENABLE KEYS */;

-- Dumping data for table ads.password_resets: ~0 rows (approximately)
/*!40000 ALTER TABLE `password_resets` DISABLE KEYS */;
/*!40000 ALTER TABLE `password_resets` ENABLE KEYS */;

-- Dumping data for table ads.pengguna: ~0 rows (approximately)
/*!40000 ALTER TABLE `pengguna` DISABLE KEYS */;
/*!40000 ALTER TABLE `pengguna` ENABLE KEYS */;

-- Dumping data for table ads.ref_record_skor_jawaban: ~36 rows (approximately)
/*!40000 ALTER TABLE `ref_record_skor_jawaban` DISABLE KEYS */;
INSERT INTO `ref_record_skor_jawaban` (`id`, `profil_id`, `jawaban_1`, `jawaban_2`, `jawaban_3`, `jawaban_4`, `jawaban_5`, `jawaban_6`, `jawaban_7`, `jawaban_8`, `jawaban_9`, `jawaban_10`, `jawaban_11`, `jawaban_12`, `jawaban_13`, `jawaban_14`, `jawaban_15`, `jawaban_16`, `jawaban_17`, `jawaban_18`, `jawaban_19`, `jawaban_20`, `jawaban_21`, `jawaban_22`, `jawaban_23`, `jawaban_24`, `jawaban_25`, `jawaban_26`, `jawaban_27`, `jawaban_28`, `jawaban_29`, `jawaban_30`, `jawaban_31`, `jawaban_32`, `jawaban_33`, `jawaban_34`, `jawaban_35`, `jawaban_36`, `jawaban_37`, `jawaban_38`, `jawaban_39`, `jawaban_40`, `jawaban_41`, `jawaban_42`, `jawaban_43`, `jawaban_44`, `jawaban_45`, `jawaban_46`, `jawaban_47`, `jawaban_48`, `jawaban_49`, `jawaban_50`, `jawaban_51`, `jawaban_52`, `jawaban_53`, `jawaban_54`, `jawaban_55`, `jawaban_56`, `jawaban_57`, `jawaban_58`, `jawaban_59`, `jawaban_60`, `createdby`, `updateby`, `created_at`, `updated_at`) VALUES
	(2, 2, 4, 3, 3, 3, NULL, NULL, NULL, NULL, NULL, NULL, NULL, NULL, NULL, NULL, NULL, NULL, NULL, NULL, NULL, NULL, NULL, NULL, NULL, NULL, NULL, NULL, NULL, NULL, NULL, NULL, NULL, NULL, NULL, NULL, NULL, NULL, NULL, NULL, NULL, NULL, NULL, NULL, NULL, NULL, NULL, NULL, NULL, NULL, NULL, NULL, NULL, NULL, NULL, NULL, NULL, NULL, NULL, NULL, NULL, NULL, 2, 2, '2018-02-11 14:58:18', '2018-02-11 14:58:18'),
	(3, 3, 4, 1, 2, 3, NULL, NULL, NULL, NULL, NULL, NULL, NULL, NULL, NULL, NULL, NULL, NULL, NULL, NULL, NULL, NULL, NULL, NULL, NULL, NULL, NULL, NULL, NULL, NULL, NULL, NULL, NULL, NULL, NULL, NULL, NULL, NULL, NULL, NULL, NULL, NULL, NULL, NULL, NULL, NULL, NULL, NULL, NULL, NULL, NULL, NULL, NULL, NULL, NULL, NULL, NULL, NULL, NULL, NULL, NULL, NULL, 2, 2, '2018-02-11 15:40:46', '2018-02-11 15:40:46'),
	(4, 4, 2, 1, 2, 4, NULL, NULL, NULL, NULL, NULL, NULL, NULL, NULL, NULL, NULL, NULL, NULL, NULL, NULL, NULL, NULL, NULL, NULL, NULL, NULL, NULL, NULL, NULL, NULL, NULL, NULL, NULL, NULL, NULL, NULL, NULL, NULL, NULL, NULL, NULL, NULL, NULL, NULL, NULL, NULL, NULL, NULL, NULL, NULL, NULL, NULL, NULL, NULL, NULL, NULL, NULL, NULL, NULL, NULL, NULL, NULL, 2, 2, '2018-02-12 01:51:34', '2018-02-12 01:51:34'),
	(5, 5, 4, 3, 1, 2, NULL, NULL, NULL, NULL, NULL, NULL, NULL, NULL, NULL, NULL, NULL, NULL, NULL, NULL, NULL, NULL, NULL, NULL, NULL, NULL, NULL, NULL, NULL, NULL, NULL, NULL, NULL, NULL, NULL, NULL, NULL, NULL, NULL, NULL, NULL, NULL, NULL, NULL, NULL, NULL, NULL, NULL, NULL, NULL, NULL, NULL, NULL, NULL, NULL, NULL, NULL, NULL, NULL, NULL, NULL, NULL, 2, 2, '2018-02-12 01:52:53', '2018-02-12 01:52:53'),
	(6, 6, 4, 2, 2, 2, NULL, NULL, NULL, NULL, NULL, NULL, NULL, NULL, NULL, NULL, NULL, NULL, NULL, NULL, NULL, NULL, NULL, NULL, NULL, NULL, NULL, NULL, NULL, NULL, NULL, NULL, NULL, NULL, NULL, NULL, NULL, NULL, NULL, NULL, NULL, NULL, NULL, NULL, NULL, NULL, NULL, NULL, NULL, NULL, NULL, NULL, NULL, NULL, NULL, NULL, NULL, NULL, NULL, NULL, NULL, NULL, 2, 2, '2018-02-12 01:53:22', '2018-02-12 01:53:22'),
	(7, 7, 2, 4, 2, 4, NULL, NULL, NULL, NULL, NULL, NULL, NULL, NULL, NULL, NULL, NULL, NULL, NULL, NULL, NULL, NULL, NULL, NULL, NULL, NULL, NULL, NULL, NULL, NULL, NULL, NULL, NULL, NULL, NULL, NULL, NULL, NULL, NULL, NULL, NULL, NULL, NULL, NULL, NULL, NULL, NULL, NULL, NULL, NULL, NULL, NULL, NULL, NULL, NULL, NULL, NULL, NULL, NULL, NULL, NULL, NULL, 2, 2, '2018-02-12 01:53:42', '2018-02-12 01:53:42'),
	(8, 8, 1, 3, 4, 4, NULL, NULL, NULL, NULL, NULL, NULL, NULL, NULL, NULL, NULL, NULL, NULL, NULL, NULL, NULL, NULL, NULL, NULL, NULL, NULL, NULL, NULL, NULL, NULL, NULL, NULL, NULL, NULL, NULL, NULL, NULL, NULL, NULL, NULL, NULL, NULL, NULL, NULL, NULL, NULL, NULL, NULL, NULL, NULL, NULL, NULL, NULL, NULL, NULL, NULL, NULL, NULL, NULL, NULL, NULL, NULL, 2, 2, '2018-02-12 01:54:11', '2018-02-12 01:54:11'),
	(9, 9, 2, 1, 2, 4, NULL, NULL, NULL, NULL, NULL, NULL, NULL, NULL, NULL, NULL, NULL, NULL, NULL, NULL, NULL, NULL, NULL, NULL, NULL, NULL, NULL, NULL, NULL, NULL, NULL, NULL, NULL, NULL, NULL, NULL, NULL, NULL, NULL, NULL, NULL, NULL, NULL, NULL, NULL, NULL, NULL, NULL, NULL, NULL, NULL, NULL, NULL, NULL, NULL, NULL, NULL, NULL, NULL, NULL, NULL, NULL, 2, 2, '2018-02-12 01:55:52', '2018-02-12 01:55:52'),
	(10, 10, 2, 1, 2, 4, NULL, NULL, NULL, NULL, NULL, NULL, NULL, NULL, NULL, NULL, NULL, NULL, NULL, NULL, NULL, NULL, NULL, NULL, NULL, NULL, NULL, NULL, NULL, NULL, NULL, NULL, NULL, NULL, NULL, NULL, NULL, NULL, NULL, NULL, NULL, NULL, NULL, NULL, NULL, NULL, NULL, NULL, NULL, NULL, NULL, NULL, NULL, NULL, NULL, NULL, NULL, NULL, NULL, NULL, NULL, NULL, 2, 2, '2018-02-12 01:57:11', '2018-02-12 01:57:11'),
	(11, 11, 1, 2, 2, 4, NULL, NULL, NULL, NULL, NULL, NULL, NULL, NULL, NULL, NULL, NULL, NULL, NULL, NULL, NULL, NULL, NULL, NULL, NULL, NULL, NULL, NULL, NULL, NULL, NULL, NULL, NULL, NULL, NULL, NULL, NULL, NULL, NULL, NULL, NULL, NULL, NULL, NULL, NULL, NULL, NULL, NULL, NULL, NULL, NULL, NULL, NULL, NULL, NULL, NULL, NULL, NULL, NULL, NULL, NULL, NULL, 2, 2, '2018-02-12 01:57:39', '2018-02-12 01:57:39'),
	(12, 12, 4, 4, 4, 1, NULL, NULL, NULL, NULL, NULL, NULL, NULL, NULL, NULL, NULL, NULL, NULL, NULL, NULL, NULL, NULL, NULL, NULL, NULL, NULL, NULL, NULL, NULL, NULL, NULL, NULL, NULL, NULL, NULL, NULL, NULL, NULL, NULL, NULL, NULL, NULL, NULL, NULL, NULL, NULL, NULL, NULL, NULL, NULL, NULL, NULL, NULL, NULL, NULL, NULL, NULL, NULL, NULL, NULL, NULL, NULL, 2, 2, '2018-02-12 01:58:04', '2018-02-12 01:58:04'),
	(13, 13, 2, 4, 2, 2, NULL, NULL, NULL, NULL, NULL, NULL, NULL, NULL, NULL, NULL, NULL, NULL, NULL, NULL, NULL, NULL, NULL, NULL, NULL, NULL, NULL, NULL, NULL, NULL, NULL, NULL, NULL, NULL, NULL, NULL, NULL, NULL, NULL, NULL, NULL, NULL, NULL, NULL, NULL, NULL, NULL, NULL, NULL, NULL, NULL, NULL, NULL, NULL, NULL, NULL, NULL, NULL, NULL, NULL, NULL, NULL, 2, 2, '2018-02-12 01:59:20', '2018-02-12 01:59:20'),
	(14, 14, 3, 1, 1, 3, NULL, NULL, NULL, NULL, NULL, NULL, NULL, NULL, NULL, NULL, NULL, NULL, NULL, NULL, NULL, NULL, NULL, NULL, NULL, NULL, NULL, NULL, NULL, NULL, NULL, NULL, NULL, NULL, NULL, NULL, NULL, NULL, NULL, NULL, NULL, NULL, NULL, NULL, NULL, NULL, NULL, NULL, NULL, NULL, NULL, NULL, NULL, NULL, NULL, NULL, NULL, NULL, NULL, NULL, NULL, NULL, 2, 2, '2018-02-12 01:59:54', '2018-02-12 01:59:54'),
	(15, 15, 4, 2, 2, 2, NULL, NULL, NULL, NULL, NULL, NULL, NULL, NULL, NULL, NULL, NULL, NULL, NULL, NULL, NULL, NULL, NULL, NULL, NULL, NULL, NULL, NULL, NULL, NULL, NULL, NULL, NULL, NULL, NULL, NULL, NULL, NULL, NULL, NULL, NULL, NULL, NULL, NULL, NULL, NULL, NULL, NULL, NULL, NULL, NULL, NULL, NULL, NULL, NULL, NULL, NULL, NULL, NULL, NULL, NULL, NULL, 2, 2, '2018-02-12 02:00:16', '2018-02-12 02:00:16'),
	(16, 16, 3, 4, 3, 3, NULL, NULL, NULL, NULL, NULL, NULL, NULL, NULL, NULL, NULL, NULL, NULL, NULL, NULL, NULL, NULL, NULL, NULL, NULL, NULL, NULL, NULL, NULL, NULL, NULL, NULL, NULL, NULL, NULL, NULL, NULL, NULL, NULL, NULL, NULL, NULL, NULL, NULL, NULL, NULL, NULL, NULL, NULL, NULL, NULL, NULL, NULL, NULL, NULL, NULL, NULL, NULL, NULL, NULL, NULL, NULL, 2, 2, '2018-02-12 02:00:39', '2018-02-12 02:00:39'),
	(17, 17, 2, 4, 3, 1, NULL, NULL, NULL, NULL, NULL, NULL, NULL, NULL, NULL, NULL, NULL, NULL, NULL, NULL, NULL, NULL, NULL, NULL, NULL, NULL, NULL, NULL, NULL, NULL, NULL, NULL, NULL, NULL, NULL, NULL, NULL, NULL, NULL, NULL, NULL, NULL, NULL, NULL, NULL, NULL, NULL, NULL, NULL, NULL, NULL, NULL, NULL, NULL, NULL, NULL, NULL, NULL, NULL, NULL, NULL, NULL, 2, 2, '2018-02-12 02:01:02', '2018-02-12 02:01:02'),
	(18, 18, 2, 1, 2, 4, NULL, NULL, NULL, NULL, NULL, NULL, NULL, NULL, NULL, NULL, NULL, NULL, NULL, NULL, NULL, NULL, NULL, NULL, NULL, NULL, NULL, NULL, NULL, NULL, NULL, NULL, NULL, NULL, NULL, NULL, NULL, NULL, NULL, NULL, NULL, NULL, NULL, NULL, NULL, NULL, NULL, NULL, NULL, NULL, NULL, NULL, NULL, NULL, NULL, NULL, NULL, NULL, NULL, NULL, NULL, NULL, 2, 2, '2018-02-12 02:01:40', '2018-02-12 02:01:40'),
	(19, 19, 3, 4, 3, 3, NULL, NULL, NULL, NULL, NULL, NULL, NULL, NULL, NULL, NULL, NULL, NULL, NULL, NULL, NULL, NULL, NULL, NULL, NULL, NULL, NULL, NULL, NULL, NULL, NULL, NULL, NULL, NULL, NULL, NULL, NULL, NULL, NULL, NULL, NULL, NULL, NULL, NULL, NULL, NULL, NULL, NULL, NULL, NULL, NULL, NULL, NULL, NULL, NULL, NULL, NULL, NULL, NULL, NULL, NULL, NULL, 2, 2, '2018-02-12 02:01:56', '2018-02-12 02:01:56'),
	(20, 20, 1, 4, 2, 3, NULL, NULL, NULL, NULL, NULL, NULL, NULL, NULL, NULL, NULL, NULL, NULL, NULL, NULL, NULL, NULL, NULL, NULL, NULL, NULL, NULL, NULL, NULL, NULL, NULL, NULL, NULL, NULL, NULL, NULL, NULL, NULL, NULL, NULL, NULL, NULL, NULL, NULL, NULL, NULL, NULL, NULL, NULL, NULL, NULL, NULL, NULL, NULL, NULL, NULL, NULL, NULL, NULL, NULL, NULL, NULL, 2, 2, '2018-02-12 02:02:34', '2018-02-12 02:02:34'),
	(21, 21, 1, 4, 4, 1, NULL, NULL, NULL, NULL, NULL, NULL, NULL, NULL, NULL, NULL, NULL, NULL, NULL, NULL, NULL, NULL, NULL, NULL, NULL, NULL, NULL, NULL, NULL, NULL, NULL, NULL, NULL, NULL, NULL, NULL, NULL, NULL, NULL, NULL, NULL, NULL, NULL, NULL, NULL, NULL, NULL, NULL, NULL, NULL, NULL, NULL, NULL, NULL, NULL, NULL, NULL, NULL, NULL, NULL, NULL, NULL, 2, 2, '2018-02-12 02:02:57', '2018-02-12 02:02:57'),
	(22, 22, 2, 1, 1, 3, NULL, NULL, NULL, NULL, NULL, NULL, NULL, NULL, NULL, NULL, NULL, NULL, NULL, NULL, NULL, NULL, NULL, NULL, NULL, NULL, NULL, NULL, NULL, NULL, NULL, NULL, NULL, NULL, NULL, NULL, NULL, NULL, NULL, NULL, NULL, NULL, NULL, NULL, NULL, NULL, NULL, NULL, NULL, NULL, NULL, NULL, NULL, NULL, NULL, NULL, NULL, NULL, NULL, NULL, NULL, NULL, 2, 2, '2018-02-12 02:03:19', '2018-02-12 02:03:19'),
	(23, 23, 3, 4, 4, 2, NULL, NULL, NULL, NULL, NULL, NULL, NULL, NULL, NULL, NULL, NULL, NULL, NULL, NULL, NULL, NULL, NULL, NULL, NULL, NULL, NULL, NULL, NULL, NULL, NULL, NULL, NULL, NULL, NULL, NULL, NULL, NULL, NULL, NULL, NULL, NULL, NULL, NULL, NULL, NULL, NULL, NULL, NULL, NULL, NULL, NULL, NULL, NULL, NULL, NULL, NULL, NULL, NULL, NULL, NULL, NULL, 2, 2, '2018-02-12 02:03:44', '2018-02-12 02:03:44'),
	(24, 24, 3, 4, 4, 2, NULL, NULL, NULL, NULL, NULL, NULL, NULL, NULL, NULL, NULL, NULL, NULL, NULL, NULL, NULL, NULL, NULL, NULL, NULL, NULL, NULL, NULL, NULL, NULL, NULL, NULL, NULL, NULL, NULL, NULL, NULL, NULL, NULL, NULL, NULL, NULL, NULL, NULL, NULL, NULL, NULL, NULL, NULL, NULL, NULL, NULL, NULL, NULL, NULL, NULL, NULL, NULL, NULL, NULL, NULL, NULL, 2, 2, '2018-02-12 02:03:45', '2018-02-12 02:03:45'),
	(26, 26, 4, 3, 3, 3, NULL, NULL, NULL, NULL, NULL, NULL, NULL, NULL, NULL, NULL, NULL, NULL, NULL, NULL, NULL, NULL, NULL, NULL, NULL, NULL, NULL, NULL, NULL, NULL, NULL, NULL, NULL, NULL, NULL, NULL, NULL, NULL, NULL, NULL, NULL, NULL, NULL, NULL, NULL, NULL, NULL, NULL, NULL, NULL, NULL, NULL, NULL, NULL, NULL, NULL, NULL, NULL, NULL, NULL, NULL, NULL, 2, 2, '2018-02-12 02:04:52', '2018-02-12 02:04:52'),
	(27, 27, 3, 4, 3, 3, NULL, NULL, NULL, NULL, NULL, NULL, NULL, NULL, NULL, NULL, NULL, NULL, NULL, NULL, NULL, NULL, NULL, NULL, NULL, NULL, NULL, NULL, NULL, NULL, NULL, NULL, NULL, NULL, NULL, NULL, NULL, NULL, NULL, NULL, NULL, NULL, NULL, NULL, NULL, NULL, NULL, NULL, NULL, NULL, NULL, NULL, NULL, NULL, NULL, NULL, NULL, NULL, NULL, NULL, NULL, NULL, 2, 2, '2018-02-12 02:06:05', '2018-02-12 02:06:05'),
	(28, 28, 1, 2, 1, 1, NULL, NULL, NULL, NULL, NULL, NULL, NULL, NULL, NULL, NULL, NULL, NULL, NULL, NULL, NULL, NULL, NULL, NULL, NULL, NULL, NULL, NULL, NULL, NULL, NULL, NULL, NULL, NULL, NULL, NULL, NULL, NULL, NULL, NULL, NULL, NULL, NULL, NULL, NULL, NULL, NULL, NULL, NULL, NULL, NULL, NULL, NULL, NULL, NULL, NULL, NULL, NULL, NULL, NULL, NULL, NULL, 2, 2, '2018-02-12 02:06:24', '2018-02-12 02:06:24'),
	(29, 29, 1, 2, 2, 4, NULL, NULL, NULL, NULL, NULL, NULL, NULL, NULL, NULL, NULL, NULL, NULL, NULL, NULL, NULL, NULL, NULL, NULL, NULL, NULL, NULL, NULL, NULL, NULL, NULL, NULL, NULL, NULL, NULL, NULL, NULL, NULL, NULL, NULL, NULL, NULL, NULL, NULL, NULL, NULL, NULL, NULL, NULL, NULL, NULL, NULL, NULL, NULL, NULL, NULL, NULL, NULL, NULL, NULL, NULL, NULL, 2, 2, '2018-02-12 02:06:49', '2018-02-12 02:06:49'),
	(30, 30, 1, 3, 1, 3, NULL, NULL, NULL, NULL, NULL, NULL, NULL, NULL, NULL, NULL, NULL, NULL, NULL, NULL, NULL, NULL, NULL, NULL, NULL, NULL, NULL, NULL, NULL, NULL, NULL, NULL, NULL, NULL, NULL, NULL, NULL, NULL, NULL, NULL, NULL, NULL, NULL, NULL, NULL, NULL, NULL, NULL, NULL, NULL, NULL, NULL, NULL, NULL, NULL, NULL, NULL, NULL, NULL, NULL, NULL, NULL, 2, 2, '2018-02-12 02:07:21', '2018-02-12 02:07:21'),
	(31, 31, 1, 3, 4, 4, NULL, NULL, NULL, NULL, NULL, NULL, NULL, NULL, NULL, NULL, NULL, NULL, NULL, NULL, NULL, NULL, NULL, NULL, NULL, NULL, NULL, NULL, NULL, NULL, NULL, NULL, NULL, NULL, NULL, NULL, NULL, NULL, NULL, NULL, NULL, NULL, NULL, NULL, NULL, NULL, NULL, NULL, NULL, NULL, NULL, NULL, NULL, NULL, NULL, NULL, NULL, NULL, NULL, NULL, NULL, NULL, 2, 2, '2018-02-12 02:07:40', '2018-02-12 02:07:40'),
	(32, 32, 4, 3, 4, 2, NULL, NULL, NULL, NULL, NULL, NULL, NULL, NULL, NULL, NULL, NULL, NULL, NULL, NULL, NULL, NULL, NULL, NULL, NULL, NULL, NULL, NULL, NULL, NULL, NULL, NULL, NULL, NULL, NULL, NULL, NULL, NULL, NULL, NULL, NULL, NULL, NULL, NULL, NULL, NULL, NULL, NULL, NULL, NULL, NULL, NULL, NULL, NULL, NULL, NULL, NULL, NULL, NULL, NULL, NULL, NULL, 2, 2, '2018-02-12 02:08:34', '2018-02-12 02:08:34'),
	(33, 33, 4, 1, 2, 3, NULL, NULL, NULL, NULL, NULL, NULL, NULL, NULL, NULL, NULL, NULL, NULL, NULL, NULL, NULL, NULL, NULL, NULL, NULL, NULL, NULL, NULL, NULL, NULL, NULL, NULL, NULL, NULL, NULL, NULL, NULL, NULL, NULL, NULL, NULL, NULL, NULL, NULL, NULL, NULL, NULL, NULL, NULL, NULL, NULL, NULL, NULL, NULL, NULL, NULL, NULL, NULL, NULL, NULL, NULL, NULL, 2, 2, '2018-02-12 02:09:06', '2018-02-12 02:09:06'),
	(34, 34, 1, 2, 2, 4, NULL, NULL, NULL, NULL, NULL, NULL, NULL, NULL, NULL, NULL, NULL, NULL, NULL, NULL, NULL, NULL, NULL, NULL, NULL, NULL, NULL, NULL, NULL, NULL, NULL, NULL, NULL, NULL, NULL, NULL, NULL, NULL, NULL, NULL, NULL, NULL, NULL, NULL, NULL, NULL, NULL, NULL, NULL, NULL, NULL, NULL, NULL, NULL, NULL, NULL, NULL, NULL, NULL, NULL, NULL, NULL, 2, 2, '2018-02-12 02:09:29', '2018-02-12 02:09:29'),
	(35, 35, 1, 3, 4, 4, NULL, NULL, NULL, NULL, NULL, NULL, NULL, NULL, NULL, NULL, NULL, NULL, NULL, NULL, NULL, NULL, NULL, NULL, NULL, NULL, NULL, NULL, NULL, NULL, NULL, NULL, NULL, NULL, NULL, NULL, NULL, NULL, NULL, NULL, NULL, NULL, NULL, NULL, NULL, NULL, NULL, NULL, NULL, NULL, NULL, NULL, NULL, NULL, NULL, NULL, NULL, NULL, NULL, NULL, NULL, NULL, 2, 2, '2018-02-12 02:09:50', '2018-02-12 02:09:50'),
	(36, 36, 3, 1, 1, 3, NULL, NULL, NULL, NULL, NULL, NULL, NULL, NULL, NULL, NULL, NULL, NULL, NULL, NULL, NULL, NULL, NULL, NULL, NULL, NULL, NULL, NULL, NULL, NULL, NULL, NULL, NULL, NULL, NULL, NULL, NULL, NULL, NULL, NULL, NULL, NULL, NULL, NULL, NULL, NULL, NULL, NULL, NULL, NULL, NULL, NULL, NULL, NULL, NULL, NULL, NULL, NULL, NULL, NULL, NULL, NULL, 2, 2, '2018-02-12 02:10:25', '2018-02-12 02:10:25'),
	(37, 37, 3, 1, 4, 4, NULL, NULL, NULL, NULL, NULL, NULL, NULL, NULL, NULL, NULL, NULL, NULL, NULL, NULL, NULL, NULL, NULL, NULL, NULL, NULL, NULL, NULL, NULL, NULL, NULL, NULL, NULL, NULL, NULL, NULL, NULL, NULL, NULL, NULL, NULL, NULL, NULL, NULL, NULL, NULL, NULL, NULL, NULL, NULL, NULL, NULL, NULL, NULL, NULL, NULL, NULL, NULL, NULL, NULL, NULL, NULL, 2, 2, '2018-02-12 02:10:45', '2018-02-12 02:10:45'),
	(38, 38, 1, 4, 2, 3, NULL, NULL, NULL, NULL, NULL, NULL, NULL, NULL, NULL, NULL, NULL, NULL, NULL, NULL, NULL, NULL, NULL, NULL, NULL, NULL, NULL, NULL, NULL, NULL, NULL, NULL, NULL, NULL, NULL, NULL, NULL, NULL, NULL, NULL, NULL, NULL, NULL, NULL, NULL, NULL, NULL, NULL, NULL, NULL, NULL, NULL, NULL, NULL, NULL, NULL, NULL, NULL, NULL, NULL, NULL, NULL, 2, 2, '2018-02-12 02:11:05', '2018-02-12 02:11:05'),
	(39, 39, 4, 3, 3, 3, NULL, NULL, NULL, NULL, NULL, NULL, NULL, NULL, NULL, NULL, NULL, NULL, NULL, NULL, NULL, NULL, NULL, NULL, NULL, NULL, NULL, NULL, NULL, NULL, NULL, NULL, NULL, NULL, NULL, NULL, NULL, NULL, NULL, NULL, NULL, NULL, NULL, NULL, NULL, NULL, NULL, NULL, NULL, NULL, NULL, NULL, NULL, NULL, NULL, NULL, NULL, NULL, NULL, NULL, NULL, NULL, 2, 2, '2018-02-13 06:33:22', '2018-02-13 06:33:22');
/*!40000 ALTER TABLE `ref_record_skor_jawaban` ENABLE KEYS */;

-- Dumping data for table ads.ref_skor_jawaban: ~16 rows (approximately)
/*!40000 ALTER TABLE `ref_skor_jawaban` DISABLE KEYS */;
INSERT INTO `ref_skor_jawaban` (`id`, `jawaban`, `skor`, `soal_id`, `created_at`, `updated_at`, `createdby`, `updateby`) VALUES
	(1, 'A', 2, 1, '2018-02-03 08:33:20', '2018-02-03 13:27:05', 1, 1),
	(2, 'B', 1, 1, '2018-02-03 08:33:20', '2018-02-03 08:33:20', 1, 1),
	(3, 'C', 3, 1, '2018-02-03 08:33:20', '2018-02-03 08:33:20', 1, 1),
	(4, 'D', 4, 1, '2018-02-03 08:33:20', '2018-02-03 08:33:20', 1, 1),
	(5, 'A', 2, 2, '2018-02-08 01:51:45', '2018-02-13 06:33:00', 1, 1),
	(6, 'B', 1, 2, '2018-02-08 01:51:45', '2018-02-08 01:51:45', 1, 1),
	(7, 'C', 3, 2, '2018-02-08 01:51:45', '2018-02-08 01:51:45', 1, 1),
	(8, 'D', 4, 2, '2018-02-08 01:51:45', '2018-02-08 01:51:45', 1, 1),
	(9, 'A', 4, 3, '2018-02-08 01:51:45', '2018-02-08 01:51:45', 1, 1),
	(10, 'B', 3, 3, '2018-02-08 01:51:45', '2018-02-08 01:51:45', 1, 1),
	(11, 'C', 2, 3, '2018-02-08 01:51:45', '2018-02-08 01:51:45', 1, 1),
	(12, 'D', 1, 3, '2018-02-08 01:51:45', '2018-02-08 01:51:45', 1, 1),
	(13, 'A', 3, 4, '2018-02-08 01:51:45', '2018-02-08 01:51:45', 1, 1),
	(14, 'B', 2, 4, '2018-02-08 01:51:45', '2018-02-08 01:51:45', 1, 1),
	(15, 'C', 1, 4, '2018-02-08 01:51:46', '2018-02-08 01:51:46', 1, 1),
	(16, 'D', 4, 4, '2018-02-08 01:51:46', '2018-02-08 01:51:46', 1, 1);
/*!40000 ALTER TABLE `ref_skor_jawaban` ENABLE KEYS */;

-- Dumping data for table ads.responden: ~36 rows (approximately)
/*!40000 ALTER TABLE `responden` DISABLE KEYS */;
INSERT INTO `responden` (`id`, `usia`, `jenis_kelamin`, `kota_id`, `provinsi_id`, `pekerjaan_id`, `suku_id`, `status_pernikahan`, `pendidikan_terakhir_id`, `tinggal_bersama_id`, `penghasilan`, `pengeluaran`, `jawaban_1`, `jawaban_2`, `jawaban_3`, `jawaban_4`, `jawaban_5`, `jawaban_6`, `jawaban_7`, `jawaban_8`, `jawaban_9`, `jawaban_10`, `jawaban_11`, `jawaban_12`, `jawaban_13`, `jawaban_14`, `jawaban_15`, `jawaban_16`, `jawaban_17`, `jawaban_18`, `jawaban_19`, `jawaban_20`, `jawaban_21`, `jawaban_22`, `jawaban_23`, `jawaban_24`, `jawaban_25`, `jawaban_26`, `jawaban_27`, `jawaban_28`, `jawaban_29`, `jawaban_30`, `jawaban_31`, `jawaban_32`, `jawaban_33`, `jawaban_34`, `jawaban_35`, `jawaban_36`, `jawaban_37`, `jawaban_38`, `jawaban_39`, `jawaban_40`, `jawaban_41`, `jawaban_42`, `jawaban_43`, `jawaban_44`, `jawaban_45`, `jawaban_46`, `jawaban_47`, `jawaban_48`, `jawaban_49`, `jawaban_50`, `jawaban_51`, `jawaban_52`, `jawaban_53`, `jawaban_54`, `jawaban_55`, `jawaban_56`, `jawaban_57`, `jawaban_58`, `jawaban_59`, `jawaban_60`, `dimensi_rd`, `dimensi_as`, `dimensi_ro`, `created_at`, `updated_at`, `createdby`, `updateby`) VALUES
	(2, 29, 'L', 501, 92, 1, 1, 'Lajang', 'SD', 1, '1', '1', 'D', 'C', 'B', 'A', NULL, NULL, NULL, NULL, NULL, NULL, NULL, NULL, NULL, NULL, NULL, NULL, NULL, NULL, NULL, NULL, NULL, NULL, NULL, NULL, NULL, NULL, NULL, NULL, NULL, NULL, NULL, NULL, NULL, NULL, NULL, NULL, NULL, NULL, NULL, NULL, NULL, NULL, NULL, NULL, NULL, NULL, NULL, NULL, NULL, NULL, NULL, NULL, NULL, NULL, NULL, NULL, NULL, NULL, NULL, NULL, 3, 3, 7, NULL, NULL, 2, 2),
	(3, 41, 'L', 501, 92, 1, 1, 'Lajang', 'SD', 1, '1', '1', 'D', 'B', 'C', 'A', NULL, NULL, NULL, NULL, NULL, NULL, NULL, NULL, NULL, NULL, NULL, NULL, NULL, NULL, NULL, NULL, NULL, NULL, NULL, NULL, NULL, NULL, NULL, NULL, NULL, NULL, NULL, NULL, NULL, NULL, NULL, NULL, NULL, NULL, NULL, NULL, NULL, NULL, NULL, NULL, NULL, NULL, NULL, NULL, NULL, NULL, NULL, NULL, NULL, NULL, NULL, NULL, NULL, NULL, NULL, NULL, 3, 1, 6, NULL, NULL, 2, 2),
	(4, 21, 'L', 1, 11, 9, 4, 'Lajang', 'SD', 1, '1', '1', 'A', 'B', 'C', 'D', NULL, NULL, NULL, NULL, NULL, NULL, NULL, NULL, NULL, NULL, NULL, NULL, NULL, NULL, NULL, NULL, NULL, NULL, NULL, NULL, NULL, NULL, NULL, NULL, NULL, NULL, NULL, NULL, NULL, NULL, NULL, NULL, NULL, NULL, NULL, NULL, NULL, NULL, NULL, NULL, NULL, NULL, NULL, NULL, NULL, NULL, NULL, NULL, NULL, NULL, NULL, NULL, NULL, NULL, NULL, NULL, 4, 1, 4, NULL, NULL, 2, 2),
	(5, 19, 'L', 26, 12, 1, 1, 'Lajang', 'SD', 1, '1', '1', 'D', 'C', 'D', 'B', NULL, NULL, NULL, NULL, NULL, NULL, NULL, NULL, NULL, NULL, NULL, NULL, NULL, NULL, NULL, NULL, NULL, NULL, NULL, NULL, NULL, NULL, NULL, NULL, NULL, NULL, NULL, NULL, NULL, NULL, NULL, NULL, NULL, NULL, NULL, NULL, NULL, NULL, NULL, NULL, NULL, NULL, NULL, NULL, NULL, NULL, NULL, NULL, NULL, NULL, NULL, NULL, NULL, NULL, NULL, NULL, 2, 3, 5, NULL, NULL, 2, 2),
	(6, 13, 'P', 59, 13, 8, 6, 'Lajang', 'SD', 1, '1', '1', 'D', 'A', 'C', 'B', NULL, NULL, NULL, NULL, NULL, NULL, NULL, NULL, NULL, NULL, NULL, NULL, NULL, NULL, NULL, NULL, NULL, NULL, NULL, NULL, NULL, NULL, NULL, NULL, NULL, NULL, NULL, NULL, NULL, NULL, NULL, NULL, NULL, NULL, NULL, NULL, NULL, NULL, NULL, NULL, NULL, NULL, NULL, NULL, NULL, NULL, NULL, NULL, NULL, NULL, NULL, NULL, NULL, NULL, NULL, NULL, 2, 2, 6, NULL, NULL, 2, 2),
	(7, 42, 'L', 78, 14, 1, 1, 'Lajang', 'SD', 1, '1', '1', 'A', 'D', 'C', 'D', NULL, NULL, NULL, NULL, NULL, NULL, NULL, NULL, NULL, NULL, NULL, NULL, NULL, NULL, NULL, NULL, NULL, NULL, NULL, NULL, NULL, NULL, NULL, NULL, NULL, NULL, NULL, NULL, NULL, NULL, NULL, NULL, NULL, NULL, NULL, NULL, NULL, NULL, NULL, NULL, NULL, NULL, NULL, NULL, NULL, NULL, NULL, NULL, NULL, NULL, NULL, NULL, NULL, NULL, NULL, NULL, 4, 4, 4, NULL, NULL, 2, 2),
	(8, 23, 'L', 78, 14, 1, 1, 'Lajang', 'SD', 1, '1', '1', 'B', 'C', 'A', 'D', NULL, NULL, NULL, NULL, NULL, NULL, NULL, NULL, NULL, NULL, NULL, NULL, NULL, NULL, NULL, NULL, NULL, NULL, NULL, NULL, NULL, NULL, NULL, NULL, NULL, NULL, NULL, NULL, NULL, NULL, NULL, NULL, NULL, NULL, NULL, NULL, NULL, NULL, NULL, NULL, NULL, NULL, NULL, NULL, NULL, NULL, NULL, NULL, NULL, NULL, NULL, NULL, NULL, NULL, NULL, NULL, 4, 3, 5, NULL, NULL, 2, 2),
	(9, 45, 'L', 90, 15, 1, 1, 'Lajang', 'SD', 1, '1', '1', 'A', 'B', 'C', 'D', NULL, NULL, NULL, NULL, NULL, NULL, NULL, NULL, NULL, NULL, NULL, NULL, NULL, NULL, NULL, NULL, NULL, NULL, NULL, NULL, NULL, NULL, NULL, NULL, NULL, NULL, NULL, NULL, NULL, NULL, NULL, NULL, NULL, NULL, NULL, NULL, NULL, NULL, NULL, NULL, NULL, NULL, NULL, NULL, NULL, NULL, NULL, NULL, NULL, NULL, NULL, NULL, NULL, NULL, NULL, NULL, 4, 1, 4, NULL, NULL, 2, 2),
	(10, 442, 'L', 101, 16, 1, 1, 'Lajang', 'SD', 1, '1', '1', 'A', 'B', 'C', 'D', NULL, NULL, NULL, NULL, NULL, NULL, NULL, NULL, NULL, NULL, NULL, NULL, NULL, NULL, NULL, NULL, NULL, NULL, NULL, NULL, NULL, NULL, NULL, NULL, NULL, NULL, NULL, NULL, NULL, NULL, NULL, NULL, NULL, NULL, NULL, NULL, NULL, NULL, NULL, NULL, NULL, NULL, NULL, NULL, NULL, NULL, NULL, NULL, NULL, NULL, NULL, NULL, NULL, NULL, NULL, NULL, 4, 1, 4, NULL, NULL, 2, 2),
	(11, 41, 'L', 118, 17, 1, 1, 'Lajang', 'SD', 1, '1', '1', 'B', 'A', 'C', 'D', NULL, NULL, NULL, NULL, NULL, NULL, NULL, NULL, NULL, NULL, NULL, NULL, NULL, NULL, NULL, NULL, NULL, NULL, NULL, NULL, NULL, NULL, NULL, NULL, NULL, NULL, NULL, NULL, NULL, NULL, NULL, NULL, NULL, NULL, NULL, NULL, NULL, NULL, NULL, NULL, NULL, NULL, NULL, NULL, NULL, NULL, NULL, NULL, NULL, NULL, NULL, NULL, NULL, NULL, NULL, NULL, 4, 2, 3, NULL, NULL, 2, 2),
	(12, 90, 'L', 118, 17, 1, 1, 'Lajang', 'SD', 1, '1', '1', 'D', 'D', 'A', 'C', NULL, NULL, NULL, NULL, NULL, NULL, NULL, NULL, NULL, NULL, NULL, NULL, NULL, NULL, NULL, NULL, NULL, NULL, NULL, NULL, NULL, NULL, NULL, NULL, NULL, NULL, NULL, NULL, NULL, NULL, NULL, NULL, NULL, NULL, NULL, NULL, NULL, NULL, NULL, NULL, NULL, NULL, NULL, NULL, NULL, NULL, NULL, NULL, NULL, NULL, NULL, NULL, NULL, NULL, NULL, NULL, 1, 4, 8, NULL, NULL, 2, 2),
	(13, 12, 'L', 128, 18, 1, 1, 'Lajang', 'SD', 1, '1', '1', 'A', 'D', 'C', 'B', NULL, NULL, NULL, NULL, NULL, NULL, NULL, NULL, NULL, NULL, NULL, NULL, NULL, NULL, NULL, NULL, NULL, NULL, NULL, NULL, NULL, NULL, NULL, NULL, NULL, NULL, NULL, NULL, NULL, NULL, NULL, NULL, NULL, NULL, NULL, NULL, NULL, NULL, NULL, NULL, NULL, NULL, NULL, NULL, NULL, NULL, NULL, NULL, NULL, NULL, NULL, NULL, NULL, NULL, NULL, NULL, 2, 4, 4, NULL, NULL, 2, 2),
	(14, 4, 'L', 143, 19, 1, 1, 'Lajang', 'SD', 1, '1', '1', 'C', 'B', 'D', 'A', NULL, NULL, NULL, NULL, NULL, NULL, NULL, NULL, NULL, NULL, NULL, NULL, NULL, NULL, NULL, NULL, NULL, NULL, NULL, NULL, NULL, NULL, NULL, NULL, NULL, NULL, NULL, NULL, NULL, NULL, NULL, NULL, NULL, NULL, NULL, NULL, NULL, NULL, NULL, NULL, NULL, NULL, NULL, NULL, NULL, NULL, NULL, NULL, NULL, NULL, NULL, NULL, NULL, NULL, NULL, NULL, 3, 1, 4, NULL, NULL, 2, 2),
	(15, 38, 'L', 150, 21, 1, 1, 'Lajang', 'SD', 1, '1', '1', 'D', 'A', 'C', 'B', NULL, NULL, NULL, NULL, NULL, NULL, NULL, NULL, NULL, NULL, NULL, NULL, NULL, NULL, NULL, NULL, NULL, NULL, NULL, NULL, NULL, NULL, NULL, NULL, NULL, NULL, NULL, NULL, NULL, NULL, NULL, NULL, NULL, NULL, NULL, NULL, NULL, NULL, NULL, NULL, NULL, NULL, NULL, NULL, NULL, NULL, NULL, NULL, NULL, NULL, NULL, NULL, NULL, NULL, NULL, NULL, 2, 2, 6, NULL, NULL, 2, 2),
	(16, 81, 'L', 157, 31, 1, 1, 'Lajang', 'SD', 1, '1', '1', 'C', 'D', 'B', 'A', NULL, NULL, NULL, NULL, NULL, NULL, NULL, NULL, NULL, NULL, NULL, NULL, NULL, NULL, NULL, NULL, NULL, NULL, NULL, NULL, NULL, NULL, NULL, NULL, NULL, NULL, NULL, NULL, NULL, NULL, NULL, NULL, NULL, NULL, NULL, NULL, NULL, NULL, NULL, NULL, NULL, NULL, NULL, NULL, NULL, NULL, NULL, NULL, NULL, NULL, NULL, NULL, NULL, NULL, NULL, NULL, 3, 4, 6, NULL, NULL, 2, 2),
	(17, 71, 'L', 163, 32, 1, 1, 'Lajang', 'SD', 1, '1', '1', 'A', 'D', 'B', 'C', NULL, NULL, NULL, NULL, NULL, NULL, NULL, NULL, NULL, NULL, NULL, NULL, NULL, NULL, NULL, NULL, NULL, NULL, NULL, NULL, NULL, NULL, NULL, NULL, NULL, NULL, NULL, NULL, NULL, NULL, NULL, NULL, NULL, NULL, NULL, NULL, NULL, NULL, NULL, NULL, NULL, NULL, NULL, NULL, NULL, NULL, NULL, NULL, NULL, NULL, NULL, NULL, NULL, NULL, NULL, NULL, 1, 4, 5, NULL, NULL, 2, 2),
	(18, 21, 'L', 190, 33, 1, 1, 'Lajang', 'SD', 1, '1', '1', 'A', 'B', 'C', 'D', NULL, NULL, NULL, NULL, NULL, NULL, NULL, NULL, NULL, NULL, NULL, NULL, NULL, NULL, NULL, NULL, NULL, NULL, NULL, NULL, NULL, NULL, NULL, NULL, NULL, NULL, NULL, NULL, NULL, NULL, NULL, NULL, NULL, NULL, NULL, NULL, NULL, NULL, NULL, NULL, NULL, NULL, NULL, NULL, NULL, NULL, NULL, NULL, NULL, NULL, NULL, NULL, NULL, NULL, NULL, NULL, 4, 1, 4, NULL, NULL, 2, 2),
	(19, 21, 'L', 225, 34, 1, 1, 'Lajang', 'SD', 1, '1', '1', 'C', 'D', 'B', 'A', NULL, NULL, NULL, NULL, NULL, NULL, NULL, NULL, NULL, NULL, NULL, NULL, NULL, NULL, NULL, NULL, NULL, NULL, NULL, NULL, NULL, NULL, NULL, NULL, NULL, NULL, NULL, NULL, NULL, NULL, NULL, NULL, NULL, NULL, NULL, NULL, NULL, NULL, NULL, NULL, NULL, NULL, NULL, NULL, NULL, NULL, NULL, NULL, NULL, NULL, NULL, NULL, NULL, NULL, NULL, NULL, 3, 4, 6, NULL, NULL, 2, 2),
	(20, 111, 'L', 230, 35, 1, 1, 'Lajang', 'SD', 1, '1', '1', 'B', 'D', 'C', 'A', NULL, NULL, NULL, NULL, NULL, NULL, NULL, NULL, NULL, NULL, NULL, NULL, NULL, NULL, NULL, NULL, NULL, NULL, NULL, NULL, NULL, NULL, NULL, NULL, NULL, NULL, NULL, NULL, NULL, NULL, NULL, NULL, NULL, NULL, NULL, NULL, NULL, NULL, NULL, NULL, NULL, NULL, NULL, NULL, NULL, NULL, NULL, NULL, NULL, NULL, NULL, NULL, NULL, NULL, NULL, NULL, 3, 4, 3, NULL, NULL, 2, 2),
	(21, 89, 'L', 276, 51, 1, 1, 'Lajang', 'SD', 1, '1', '1', 'B', 'D', 'A', 'C', NULL, NULL, NULL, NULL, NULL, NULL, NULL, NULL, NULL, NULL, NULL, NULL, NULL, NULL, NULL, NULL, NULL, NULL, NULL, NULL, NULL, NULL, NULL, NULL, NULL, NULL, NULL, NULL, NULL, NULL, NULL, NULL, NULL, NULL, NULL, NULL, NULL, NULL, NULL, NULL, NULL, NULL, NULL, NULL, NULL, NULL, NULL, NULL, NULL, NULL, NULL, NULL, NULL, NULL, NULL, NULL, 1, 4, 5, NULL, NULL, 2, 2),
	(22, 24, 'L', 285, 52, 1, 1, 'Lajang', 'SD', 1, '1', '1', 'A', 'B', 'D', 'A', NULL, NULL, NULL, NULL, NULL, NULL, NULL, NULL, NULL, NULL, NULL, NULL, NULL, NULL, NULL, NULL, NULL, NULL, NULL, NULL, NULL, NULL, NULL, NULL, NULL, NULL, NULL, NULL, NULL, NULL, NULL, NULL, NULL, NULL, NULL, NULL, NULL, NULL, NULL, NULL, NULL, NULL, NULL, NULL, NULL, NULL, NULL, NULL, NULL, NULL, NULL, NULL, NULL, NULL, NULL, NULL, 3, 1, 3, NULL, NULL, 2, 2),
	(23, 34, 'L', 295, 53, 1, 1, 'Lajang', 'SD', 1, '1', '1', 'C', 'D', 'A', 'B', NULL, NULL, NULL, NULL, NULL, NULL, NULL, NULL, NULL, NULL, NULL, NULL, NULL, NULL, NULL, NULL, NULL, NULL, NULL, NULL, NULL, NULL, NULL, NULL, NULL, NULL, NULL, NULL, NULL, NULL, NULL, NULL, NULL, NULL, NULL, NULL, NULL, NULL, NULL, NULL, NULL, NULL, NULL, NULL, NULL, NULL, NULL, NULL, NULL, NULL, NULL, NULL, NULL, NULL, NULL, NULL, 2, 4, 7, NULL, NULL, 2, 2),
	(24, 34, 'L', 295, 53, 1, 1, 'Lajang', 'SD', 1, '1', '1', 'C', 'D', 'A', 'B', NULL, NULL, NULL, NULL, NULL, NULL, NULL, NULL, NULL, NULL, NULL, NULL, NULL, NULL, NULL, NULL, NULL, NULL, NULL, NULL, NULL, NULL, NULL, NULL, NULL, NULL, NULL, NULL, NULL, NULL, NULL, NULL, NULL, NULL, NULL, NULL, NULL, NULL, NULL, NULL, NULL, NULL, NULL, NULL, NULL, NULL, NULL, NULL, NULL, NULL, NULL, NULL, NULL, NULL, NULL, NULL, 2, 4, 7, NULL, NULL, 2, 2),
	(26, 23, 'L', 331, 62, 1, 1, 'Lajang', 'SD', 1, '1', '1', 'D', 'C', 'B', 'A', NULL, NULL, NULL, NULL, NULL, NULL, NULL, NULL, NULL, NULL, NULL, NULL, NULL, NULL, NULL, NULL, NULL, NULL, NULL, NULL, NULL, NULL, NULL, NULL, NULL, NULL, NULL, NULL, NULL, NULL, NULL, NULL, NULL, NULL, NULL, NULL, NULL, NULL, NULL, NULL, NULL, NULL, NULL, NULL, NULL, NULL, NULL, NULL, NULL, NULL, NULL, NULL, NULL, NULL, NULL, NULL, 3, 3, 7, NULL, NULL, 2, 2),
	(27, 90, 'L', 345, 63, 1, 1, 'Lajang', 'SD', 1, '1', '1', 'C', 'D', 'B', 'A', NULL, NULL, NULL, NULL, NULL, NULL, NULL, NULL, NULL, NULL, NULL, NULL, NULL, NULL, NULL, NULL, NULL, NULL, NULL, NULL, NULL, NULL, NULL, NULL, NULL, NULL, NULL, NULL, NULL, NULL, NULL, NULL, NULL, NULL, NULL, NULL, NULL, NULL, NULL, NULL, NULL, NULL, NULL, NULL, NULL, NULL, NULL, NULL, NULL, NULL, NULL, NULL, NULL, NULL, NULL, NULL, 3, 4, 6, NULL, NULL, 2, 2),
	(28, 31, 'L', 358, 64, 1, 1, 'Lajang', 'SD', 1, '1', '1', 'B', 'A', 'D', 'C', NULL, NULL, NULL, NULL, NULL, NULL, NULL, NULL, NULL, NULL, NULL, NULL, NULL, NULL, NULL, NULL, NULL, NULL, NULL, NULL, NULL, NULL, NULL, NULL, NULL, NULL, NULL, NULL, NULL, NULL, NULL, NULL, NULL, NULL, NULL, NULL, NULL, NULL, NULL, NULL, NULL, NULL, NULL, NULL, NULL, NULL, NULL, NULL, NULL, NULL, NULL, NULL, NULL, NULL, NULL, NULL, 1, 2, 2, NULL, NULL, 2, 2),
	(29, 44, 'L', 368, 65, 1, 1, 'Lajang', 'SD', 1, '1', '1', 'B', 'A', 'C', 'D', NULL, NULL, NULL, NULL, NULL, NULL, NULL, NULL, NULL, NULL, NULL, NULL, NULL, NULL, NULL, NULL, NULL, NULL, NULL, NULL, NULL, NULL, NULL, NULL, NULL, NULL, NULL, NULL, NULL, NULL, NULL, NULL, NULL, NULL, NULL, NULL, NULL, NULL, NULL, NULL, NULL, NULL, NULL, NULL, NULL, NULL, NULL, NULL, NULL, NULL, NULL, NULL, NULL, NULL, NULL, NULL, 4, 2, 3, NULL, NULL, 2, 2),
	(30, 12, 'L', 373, 71, 1, 1, 'Lajang', 'SD', 1, '1', '1', 'B', 'C', 'D', 'A', NULL, NULL, NULL, NULL, NULL, NULL, NULL, NULL, NULL, NULL, NULL, NULL, NULL, NULL, NULL, NULL, NULL, NULL, NULL, NULL, NULL, NULL, NULL, NULL, NULL, NULL, NULL, NULL, NULL, NULL, NULL, NULL, NULL, NULL, NULL, NULL, NULL, NULL, NULL, NULL, NULL, NULL, NULL, NULL, NULL, NULL, NULL, NULL, NULL, NULL, NULL, NULL, NULL, NULL, NULL, NULL, 3, 3, 2, NULL, NULL, 2, 2),
	(31, 79, 'L', 388, 72, 1, 1, 'Lajang', 'SD', 1, '1', '1', 'B', 'C', 'A', 'D', NULL, NULL, NULL, NULL, NULL, NULL, NULL, NULL, NULL, NULL, NULL, NULL, NULL, NULL, NULL, NULL, NULL, NULL, NULL, NULL, NULL, NULL, NULL, NULL, NULL, NULL, NULL, NULL, NULL, NULL, NULL, NULL, NULL, NULL, NULL, NULL, NULL, NULL, NULL, NULL, NULL, NULL, NULL, NULL, NULL, NULL, NULL, NULL, NULL, NULL, NULL, NULL, NULL, NULL, NULL, NULL, 4, 3, 5, NULL, NULL, 2, 2),
	(32, 55, 'L', 401, 73, 1, 1, 'Lajang', 'SD', 1, '1', '1', 'D', 'C', 'A', 'B', NULL, NULL, NULL, NULL, NULL, NULL, NULL, NULL, NULL, NULL, NULL, NULL, NULL, NULL, NULL, NULL, NULL, NULL, NULL, NULL, NULL, NULL, NULL, NULL, NULL, NULL, NULL, NULL, NULL, NULL, NULL, NULL, NULL, NULL, NULL, NULL, NULL, NULL, NULL, NULL, NULL, NULL, NULL, NULL, NULL, NULL, NULL, NULL, NULL, NULL, NULL, NULL, NULL, NULL, NULL, NULL, 2, 3, 8, NULL, NULL, 2, 2),
	(33, 51, 'L', 425, 74, 1, 1, 'Lajang', 'SD', 1, '1', '1', 'D', 'B', 'C', 'A', NULL, NULL, NULL, NULL, NULL, NULL, NULL, NULL, NULL, NULL, NULL, NULL, NULL, NULL, NULL, NULL, NULL, NULL, NULL, NULL, NULL, NULL, NULL, NULL, NULL, NULL, NULL, NULL, NULL, NULL, NULL, NULL, NULL, NULL, NULL, NULL, NULL, NULL, NULL, NULL, NULL, NULL, NULL, NULL, NULL, NULL, NULL, NULL, NULL, NULL, NULL, NULL, NULL, NULL, NULL, NULL, 3, 1, 6, NULL, NULL, 2, 2),
	(34, 77, 'L', 439, 75, 1, 1, 'Lajang', 'SD', 1, '1', '1', 'B', 'A', 'C', 'D', NULL, NULL, NULL, NULL, NULL, NULL, NULL, NULL, NULL, NULL, NULL, NULL, NULL, NULL, NULL, NULL, NULL, NULL, NULL, NULL, NULL, NULL, NULL, NULL, NULL, NULL, NULL, NULL, NULL, NULL, NULL, NULL, NULL, NULL, NULL, NULL, NULL, NULL, NULL, NULL, NULL, NULL, NULL, NULL, NULL, NULL, NULL, NULL, NULL, NULL, NULL, NULL, NULL, NULL, NULL, NULL, 4, 2, 3, NULL, NULL, 2, 2),
	(35, 81, 'L', 445, 76, 1, 1, 'Lajang', 'SD', 1, '1', '1', 'B', 'C', 'A', 'D', NULL, NULL, NULL, NULL, NULL, NULL, NULL, NULL, NULL, NULL, NULL, NULL, NULL, NULL, NULL, NULL, NULL, NULL, NULL, NULL, NULL, NULL, NULL, NULL, NULL, NULL, NULL, NULL, NULL, NULL, NULL, NULL, NULL, NULL, NULL, NULL, NULL, NULL, NULL, NULL, NULL, NULL, NULL, NULL, NULL, NULL, NULL, NULL, NULL, NULL, NULL, NULL, NULL, NULL, NULL, NULL, 4, 3, 5, NULL, NULL, 2, 2),
	(36, 43, 'L', 451, 81, 1, 1, 'Lajang', 'SD', 1, '1', '1', 'C', 'B', 'D', 'A', NULL, NULL, NULL, NULL, NULL, NULL, NULL, NULL, NULL, NULL, NULL, NULL, NULL, NULL, NULL, NULL, NULL, NULL, NULL, NULL, NULL, NULL, NULL, NULL, NULL, NULL, NULL, NULL, NULL, NULL, NULL, NULL, NULL, NULL, NULL, NULL, NULL, NULL, NULL, NULL, NULL, NULL, NULL, NULL, NULL, NULL, NULL, NULL, NULL, NULL, NULL, NULL, NULL, NULL, NULL, NULL, 3, 1, 4, NULL, NULL, 2, 2),
	(37, 87, 'L', 462, 82, 1, 1, 'Lajang', 'SD', 1, '1', '1', 'C', 'B', 'A', 'D', NULL, NULL, NULL, NULL, NULL, NULL, NULL, NULL, NULL, NULL, NULL, NULL, NULL, NULL, NULL, NULL, NULL, NULL, NULL, NULL, NULL, NULL, NULL, NULL, NULL, NULL, NULL, NULL, NULL, NULL, NULL, NULL, NULL, NULL, NULL, NULL, NULL, NULL, NULL, NULL, NULL, NULL, NULL, NULL, NULL, NULL, NULL, NULL, NULL, NULL, NULL, NULL, NULL, NULL, NULL, NULL, 4, 1, 7, NULL, NULL, 2, 2),
	(38, 12, 'L', 472, 91, 1, 1, 'Lajang', 'SD', 1, '1', '1', 'B', 'D', 'C', 'A', NULL, NULL, NULL, NULL, NULL, NULL, NULL, NULL, NULL, NULL, NULL, NULL, NULL, NULL, NULL, NULL, NULL, NULL, NULL, NULL, NULL, NULL, NULL, NULL, NULL, NULL, NULL, NULL, NULL, NULL, NULL, NULL, NULL, NULL, NULL, NULL, NULL, NULL, NULL, NULL, NULL, NULL, NULL, NULL, NULL, NULL, NULL, NULL, NULL, NULL, NULL, NULL, NULL, NULL, NULL, NULL, 3, 4, 3, NULL, NULL, 2, 2),
	(39, 31, 'L', 157, 31, 1, 1, 'Lajang', 'SD', 1, '1', '1', 'D', 'C', 'B', 'A', NULL, NULL, NULL, NULL, NULL, NULL, NULL, NULL, NULL, NULL, NULL, NULL, NULL, NULL, NULL, NULL, NULL, NULL, NULL, NULL, NULL, NULL, NULL, NULL, NULL, NULL, NULL, NULL, NULL, NULL, NULL, NULL, NULL, NULL, NULL, NULL, NULL, NULL, NULL, NULL, NULL, NULL, NULL, NULL, NULL, NULL, NULL, NULL, NULL, NULL, NULL, NULL, NULL, NULL, NULL, NULL, 3, 3, 7, NULL, NULL, 2, 2);
/*!40000 ALTER TABLE `responden` ENABLE KEYS */;

-- Dumping data for table ads.users: ~2 rows (approximately)
/*!40000 ALTER TABLE `users` DISABLE KEYS */;
INSERT INTO `users` (`id`, `username`, `name`, `email`, `password`, `level`, `handphone`, `createdby`, `updateby`, `remember_token`, `created_at`, `updated_at`) VALUES
	(1, 'wkwkw', 'L', 's@s.com', '$2y$10$nYUt/wtAnagKazGvIJwmFuKeBffltgrr5mrz7cjra9sbTkE3t5fDS', 'admin', '081283886073', 1, 1, 'o7AMmNg1Lu2PmZQ2kPCXHAOktOwUUoHpD6SqVZAGxj6rda9STVI9yQyC8472', '2018-02-08 02:59:18', '2018-02-08 02:59:18'),
	(2, 'satker', 'satker', '1@1.com', '$2y$10$7ldqV/CP9.BHxv76XywOAe3CH9X8oHP3VFpmnDhzI2JHMGt4Xj7lK', 'satker', '081283886023', 1, 1, 'DUTkmcPqqyzKxww9EFspBAjSfv4KxUL731aPyCKfbTMYxiGfMbdgmiAKpYQN', '2018-02-08 03:02:42', '2018-02-08 03:02:42'),
	(3, 'pusat', 'pusat', 'p@p.com', '$2y$10$UTYhNGnngeKQOvXUc8MKl.DR1b9/MQB.XF5dFwTT2rq2DVBN.SrnO', 'pusat', '081283886123', 1, 1, 'wQXZjAWN8fBDK9kHrE9nFVHkmyqvhGMlb8UhWQVBmwtJBdy9jWkr8DpoBqmj', '2018-02-08 03:03:36', '2018-02-08 03:03:36');
/*!40000 ALTER TABLE `users` ENABLE KEYS */;

/*!40101 SET SQL_MODE=IFNULL(@OLD_SQL_MODE, '') */;
/*!40014 SET FOREIGN_KEY_CHECKS=IF(@OLD_FOREIGN_KEY_CHECKS IS NULL, 1, @OLD_FOREIGN_KEY_CHECKS) */;
/*!40101 SET CHARACTER_SET_CLIENT=@OLD_CHARACTER_SET_CLIENT */;
